REM SEQUENCIAS
SET DEFINE OFF;
CREATE SEQUENCE CALENDARIOS_DETALLE_SEQ INCREMENT BY 1 MAXVALUE 9999999999999999999999999999 MINVALUE 1 NOCACHE;
CREATE SEQUENCE CALENDARIOS_SEQ INCREMENT BY 1 MAXVALUE 9999999999999999999999999999 MINVALUE 1 NOCACHE;
CREATE SEQUENCE CIUDADES_SEQ INCREMENT BY 1 MAXVALUE 9999999999999999999999999999 MINVALUE 1 NOCACHE;
CREATE SEQUENCE DEPOSITO_SEQ INCREMENT BY 1 MAXVALUE 9999999999999999999999999999 MINVALUE 1 NOCACHE;
CREATE SEQUENCE DETALLE_FACTURA_SEC INCREMENT BY 1 MAXVALUE 9999999999999999999999999999 MINVALUE 1 NOCACHE;
CREATE SEQUENCE DETALLE_FACTURA_SEQ INCREMENT BY 1 MAXVALUE 9999999999999999999999999999 MINVALUE 1 NOCACHE;
CREATE SEQUENCE ESTADOS_SEQ INCREMENT BY 1 MAXVALUE 9999999999999999999999999999 MINVALUE 1 NOCACHE;
CREATE SEQUENCE ESTUDIANTE_SEQ INCREMENT BY 1 MAXVALUE 9999999999999999999999999999 MINVALUE 1 NOCACHE;
CREATE SEQUENCE FACTURA_SEQ INCREMENT BY 1 MAXVALUE 9999999999999999999999999999 MINVALUE 1 NOCACHE;
CREATE SEQUENCE HORARIOS_SEQ INCREMENT BY 1 MAXVALUE 9999999999999999999999999999 MINVALUE 1 NOCACHE;
CREATE SEQUENCE INSCRIPCIONES_SEQ INCREMENT BY 1 MAXVALUE 9999999999999999999999999999 MINVALUE 1 NOCACHE;
CREATE SEQUENCE JRXML_SEQ INCREMENT BY 1 MAXVALUE 9999999999999999999999999999 MINVALUE 1 NOCACHE;
CREATE SEQUENCE MATERIALES_SEQ INCREMENT BY 1 MAXVALUE 9999999999999999999999999999 MINVALUE 1 NOCACHE;
CREATE SEQUENCE OCUPACION_SEQ INCREMENT BY 1 MAXVALUE 9999999999999999999999999999 MINVALUE 1 NOCACHE;
CREATE SEQUENCE SECCIONES_SEQ INCREMENT BY 1 MAXVALUE 9999999999999999999999999999 MINVALUE 1 NOCACHE;

REM INSERTING into FUNDAUC.COMPANIAS
SET DEFINE OFF;
Insert into FUNDAUC.COMPANIAS (CODIGO,DESCRIPCION,ID,DIRECCION,TELEFONO,EMAIL,DIRECTOR,CIUDAD,SERIE,ACTIVA,IVA) values ('IM','IDIOMAS MARACAY','3',null,null,null,'ANDREA PUCILLO',null,'M','S','16');
Insert into FUNDAUC.COMPANIAS (CODIGO,DESCRIPCION,ID,DIRECCION,TELEFONO,EMAIL,DIRECTOR,CIUDAD,SERIE,ACTIVA,IVA) values ('IV','IDIOMAS VALENCIA','2','AV. MIRANDA  VALENCIA. / AV. SALVADOR FEO LA CRUZ - MAÑONGO.','02418665697',null,'GIOVANNI RIVAS',null,'IV','S','16');
Insert into FUNDAUC.COMPANIAS (CODIGO,DESCRIPCION,ID,DIRECCION,TELEFONO,EMAIL,DIRECTOR,CIUDAD,SERIE,ACTIVA,IVA) values ('IB','IDIOMAS BARQUISIMETO','4',null,null,null,null,null,'B','S','16');
Insert into FUNDAUC.COMPANIAS (CODIGO,DESCRIPCION,ID,DIRECCION,TELEFONO,EMAIL,DIRECTOR,CIUDAD,SERIE,ACTIVA,IVA) values ('IPC','IDIOMAS PUERTO CABELLO','5',null,null,null,null,null,'PC','S','16');
Insert into FUNDAUC.COMPANIAS (CODIGO,DESCRIPCION,ID,DIRECCION,TELEFONO,EMAIL,DIRECTOR,CIUDAD,SERIE,ACTIVA,IVA) values ('ISF','IDIOMAS SAN FELIPE','6',null,null,null,null,null,null,'N',null);
Insert into FUNDAUC.COMPANIAS (CODIGO,DESCRIPCION,ID,DIRECCION,TELEFONO,EMAIL,DIRECTOR,CIUDAD,SERIE,ACTIVA,IVA) values ('CTC','COMPUTACION VALENCIA','7',null,null,null,null,null,null,'N',null);
Insert into FUNDAUC.COMPANIAS (CODIGO,DESCRIPCION,ID,DIRECCION,TELEFONO,EMAIL,DIRECTOR,CIUDAD,SERIE,ACTIVA,IVA) values ('CFP','CAPACITACION Y FORMACION PROFESIONAL','8','PROLONGACION AV SALVADOR FEO LA CRUZ, ANTIGUA AREA DE POSTRADO UC. MAÑONGO','02410000000',null,'HILDA SAER DE ASUNCION',null,null,'N',null);
Insert into FUNDAUC.COMPANIAS (CODIGO,DESCRIPCION,ID,DIRECCION,TELEFONO,EMAIL,DIRECTOR,CIUDAD,SERIE,ACTIVA,IVA) values ('FUC','FUNDACION UNIVERSIDAD DE CARABOBO - DIRECCION CENTRAL','1','PROLONGACION AV SALVADOR FEO LA CRUZ, ANTIGUA AREA DE POSTGRADO UC, MAÑONGO.','02418431185',null,'FRANK LOPEZ RIERA',null,'DC','S','16');
Insert into FUNDAUC.COMPANIAS (CODIGO,DESCRIPCION,ID,DIRECCION,TELEFONO,EMAIL,DIRECTOR,CIUDAD,SERIE,ACTIVA,IVA) values ('FVC','FUNDAUC VA A TU COLEGIO','9','MA¥ONGO','02418431185','EXTRAMUROS@FUNDAUC.ORG.VE','VICTOR CAMPIS','VALENCIA',null,'N',null);
Insert into FUNDAUC.COMPANIAS (CODIGO,DESCRIPCION,ID,DIRECCION,TELEFONO,EMAIL,DIRECTOR,CIUDAD,SERIE,ACTIVA,IVA) values ('CHI','PROYECTO ESPECIAL CHICHIRIVICHE','10','PROLONGACION AV SALVADOR FEO LA CRUZ, ANTIGUA AREA DE POSTGRADO UC, MAÑONGO.','02418431185',null,'AGUSTIN MEJIAS','FALCON',null,'N',null);
Insert into FUNDAUC.COMPANIAS (CODIGO,DESCRIPCION,ID,DIRECCION,TELEFONO,EMAIL,DIRECTOR,CIUDAD,SERIE,ACTIVA,IVA) values ('SAN','PROYECTO ESPECIAL SAN DIEGO','11','PROLONGACION AV SALVADOR FEO LA CRUZ, ANTIGUA AREA DE POSTGRADO UC, MAÑONGO.','02418431185',null,'AGUSTIN MEJIAS','SAN DIEGO',null,'N',null);

REM INSERTING into FUNDAUC.ROLES
SET DEFINE OFF;
Insert into FUNDAUC.ROLES (ID_ROL,DESCRIPCION) values ('1','Caja');
Insert into FUNDAUC.ROLES (ID_ROL,DESCRIPCION) values ('2','Control de Estudios');
Insert into FUNDAUC.ROLES (ID_ROL,DESCRIPCION) values ('3','Director');
Insert into FUNDAUC.ROLES (ID_ROL,DESCRIPCION) values ('0','Administrador');
Insert into FUNDAUC.ROLES (ID_ROL,DESCRIPCION) values ('4','Profesor');
Insert into FUNDAUC.ROLES (ID_ROL,DESCRIPCION) values ('5','Estudiante');


REM INSERTING into FUNDAUC.USUARIOS
SET DEFINE OFF;
Insert into FUNDAUC.USUARIOS (CEDULA,NOMBRE_USUARIO,CONTRASENA,ID_ROL,EMAIL,NOMBRE,CIA,PROG_ACADEMICO,ACTIVO,BLOQUEADO,CREADO_POR,CREADO_EL,MODIFICADO_POR,MODIFICADO_EL) values ('10502603','LTIRADO','2FE7A6D43C4A237F','3',null,'LILIANA TIRADO','8','3','S','N','SISTEMA',to_date('18/08/19','DD/MM/RR'),null,null);
Insert into FUNDAUC.USUARIOS (CEDULA,NOMBRE_USUARIO,CONTRASENA,ID_ROL,EMAIL,NOMBRE,CIA,PROG_ACADEMICO,ACTIVO,BLOQUEADO,CREADO_POR,CREADO_EL,MODIFICADO_POR,MODIFICADO_EL) values ('18062812','ODJGOMEZ','B98E7B5B412583383746A21181FB2976','3','ORIANAGOMEZ@GMAIL.COM','ORIANA GOMEZ','1','1','S','N','SISTEMA',to_date('18/08/19','DD/MM/RR'),null,null);
Insert into FUNDAUC.USUARIOS (CEDULA,NOMBRE_USUARIO,CONTRASENA,ID_ROL,EMAIL,NOMBRE,CIA,PROG_ACADEMICO,ACTIVO,BLOQUEADO,CREADO_POR,CREADO_EL,MODIFICADO_POR,MODIFICADO_EL) values ('1111','CECFP','EDCAE0E0178B7F71','2',null,'CONTROL DE ESTUDIOS CFP','8','3','S','N','SISTEMA',to_date('18/08/19','DD/MM/RR'),null,null);
Insert into FUNDAUC.USUARIOS (CEDULA,NOMBRE_USUARIO,CONTRASENA,ID_ROL,EMAIL,NOMBRE,CIA,PROG_ACADEMICO,ACTIVO,BLOQUEADO,CREADO_POR,CREADO_EL,MODIFICADO_POR,MODIFICADO_EL) values ('6883919','VMENDEZ','9C0FFC929D23B336','3',null,'VIANNEY MENDEZ','2','1','S','N','SISTEMA',to_date('18/08/19','DD/MM/RR'),null,null);
Insert into FUNDAUC.USUARIOS (CEDULA,NOMBRE_USUARIO,CONTRASENA,ID_ROL,EMAIL,NOMBRE,CIA,PROG_ACADEMICO,ACTIVO,BLOQUEADO,CREADO_POR,CREADO_EL,MODIFICADO_POR,MODIFICADO_EL) values ('1112','GRIVAS','EDCAE0E0178B7F71','3','-','GIOVANNI RIVAS','1','6','S','N','SISTEMA',to_date('18/08/19','DD/MM/RR'),null,null);
Insert into FUNDAUC.USUARIOS (CEDULA,NOMBRE_USUARIO,CONTRASENA,ID_ROL,EMAIL,NOMBRE,CIA,PROG_ACADEMICO,ACTIVO,BLOQUEADO,CREADO_POR,CREADO_EL,MODIFICADO_POR,MODIFICADO_EL) values ('13455371','ABARRADA','DA34990297219B46','2',null,'ALEXANDRA BARRADA','2','1','S','N','SISTEMA',to_date('18/08/19','DD/MM/RR'),null,null);
Insert into FUNDAUC.USUARIOS (CEDULA,NOMBRE_USUARIO,CONTRASENA,ID_ROL,EMAIL,NOMBRE,CIA,PROG_ACADEMICO,ACTIVO,BLOQUEADO,CREADO_POR,CREADO_EL,MODIFICADO_POR,MODIFICADO_EL) values ('7127576','JGONZALEZ','EC3E37535C00CC27','3','JULISSAFUNDAUC@GMAIL.COM','JULISSA GONZALEZ','1','6','S','N','SISTEMA',to_date('18/08/19','DD/MM/RR'),null,null);
Insert into FUNDAUC.USUARIOS (CEDULA,NOMBRE_USUARIO,CONTRASENA,ID_ROL,EMAIL,NOMBRE,CIA,PROG_ACADEMICO,ACTIVO,BLOQUEADO,CREADO_POR,CREADO_EL,MODIFICADO_POR,MODIFICADO_EL) values ('111111','HCHAVEZ','97E75B7568B86CA9','1',null,'HECTOR CHAVEZ','1','2','S','N','SISTEMA',to_date('18/08/19','DD/MM/RR'),null,null);
Insert into FUNDAUC.USUARIOS (CEDULA,NOMBRE_USUARIO,CONTRASENA,ID_ROL,EMAIL,NOMBRE,CIA,PROG_ACADEMICO,ACTIVO,BLOQUEADO,CREADO_POR,CREADO_EL,MODIFICADO_POR,MODIFICADO_EL) values ('7083577','FRANCOTOCA','56515E79B4CD2E2A','3','FRANCOTOCA@HOTMAIL.COM','FRANCISCO TORRES','1','6','S','N','SISTEMA',to_date('18/08/19','DD/MM/RR'),null,null);
Insert into FUNDAUC.USUARIOS (CEDULA,NOMBRE_USUARIO,CONTRASENA,ID_ROL,EMAIL,NOMBRE,CIA,PROG_ACADEMICO,ACTIVO,BLOQUEADO,CREADO_POR,CREADO_EL,MODIFICADO_POR,MODIFICADO_EL) values ('24772165','JHOFRA','8C5F78D8E90D3CEF','1','JHOFRANNYTOV@GMAIL.COM','JHOFRANNY TOVAR','1','6','S','N','SISTEMA',to_date('18/08/19','DD/MM/RR'),null,null);
Insert into FUNDAUC.USUARIOS (CEDULA,NOMBRE_USUARIO,CONTRASENA,ID_ROL,EMAIL,NOMBRE,CIA,PROG_ACADEMICO,ACTIVO,BLOQUEADO,CREADO_POR,CREADO_EL,MODIFICADO_POR,MODIFICADO_EL) values ('71275760','JULISSA','EC3E37535C00CC27','3',null,'JGONZALEZ','1','6','S','N','SISTEMA',to_date('18/08/19','DD/MM/RR'),null,null);
Insert into FUNDAUC.USUARIOS (CEDULA,NOMBRE_USUARIO,CONTRASENA,ID_ROL,EMAIL,NOMBRE,CIA,PROG_ACADEMICO,ACTIVO,BLOQUEADO,CREADO_POR,CREADO_EL,MODIFICADO_POR,MODIFICADO_EL) values ('712648','PADRON','7A70A84E4ED57BF9','3','RAFEAL.PADRON@GMAIL.COM','RAFAEL PADRON','1','6','S','N','SISTEMA',to_date('18/08/19','DD/MM/RR'),null,null);

REM INSERTING into FUNDAUC.PROGRAMA_ACADEMICO
SET DEFINE OFF;
Insert into FUNDAUC.PROGRAMA_ACADEMICO (ID,DESCRIPCION,ACTIVO) values ('1','IDIOMAS NINOS','S');
Insert into FUNDAUC.PROGRAMA_ACADEMICO (ID,DESCRIPCION,ACTIVO) values ('2','IDIOMAS MODERNOS','S');
Insert into FUNDAUC.PROGRAMA_ACADEMICO (ID,DESCRIPCION,ACTIVO) values ('3','DIPLOMADOS','S');
Insert into FUNDAUC.PROGRAMA_ACADEMICO (ID,DESCRIPCION,ACTIVO) values ('5','COMPUTACION','N');
Insert into FUNDAUC.PROGRAMA_ACADEMICO (ID,DESCRIPCION,ACTIVO) values ('4','FUNDAUC VA A TU COLEGIO','N');
Insert into FUNDAUC.PROGRAMA_ACADEMICO (ID,DESCRIPCION,ACTIVO) values ('6','DIRECCION CENTRAL','S');

REM INSERTING into FUNDAUC.ESTADOS
SET DEFINE OFF;
Insert into FUNDAUC.ESTADOS (ID_ESTADO,NOMBRE) values ('1','Amazonas');
Insert into FUNDAUC.ESTADOS (ID_ESTADO,NOMBRE) values ('2','Anzoátegui');
Insert into FUNDAUC.ESTADOS (ID_ESTADO,NOMBRE) values ('3','Apure');
Insert into FUNDAUC.ESTADOS (ID_ESTADO,NOMBRE) values ('4','Aragua');
Insert into FUNDAUC.ESTADOS (ID_ESTADO,NOMBRE) values ('5','Barinas');
Insert into FUNDAUC.ESTADOS (ID_ESTADO,NOMBRE) values ('6','Bolívar');
Insert into FUNDAUC.ESTADOS (ID_ESTADO,NOMBRE) values ('7','Carabobo');
Insert into FUNDAUC.ESTADOS (ID_ESTADO,NOMBRE) values ('8','Cojedes');
Insert into FUNDAUC.ESTADOS (ID_ESTADO,NOMBRE) values ('9','Delta Amacuro');
Insert into FUNDAUC.ESTADOS (ID_ESTADO,NOMBRE) values ('10','Falcón');
Insert into FUNDAUC.ESTADOS (ID_ESTADO,NOMBRE) values ('11','Guárico');
Insert into FUNDAUC.ESTADOS (ID_ESTADO,NOMBRE) values ('12','Lara');
Insert into FUNDAUC.ESTADOS (ID_ESTADO,NOMBRE) values ('13','Mérida');
Insert into FUNDAUC.ESTADOS (ID_ESTADO,NOMBRE) values ('14','Miranda');
Insert into FUNDAUC.ESTADOS (ID_ESTADO,NOMBRE) values ('15','Monagas');
Insert into FUNDAUC.ESTADOS (ID_ESTADO,NOMBRE) values ('16','Nueva Esparta');
Insert into FUNDAUC.ESTADOS (ID_ESTADO,NOMBRE) values ('17','Portuguesa');
Insert into FUNDAUC.ESTADOS (ID_ESTADO,NOMBRE) values ('18','Sucre');
Insert into FUNDAUC.ESTADOS (ID_ESTADO,NOMBRE) values ('19','Táchira');
Insert into FUNDAUC.ESTADOS (ID_ESTADO,NOMBRE) values ('20','Trujillo');
Insert into FUNDAUC.ESTADOS (ID_ESTADO,NOMBRE) values ('21','Vargas');
Insert into FUNDAUC.ESTADOS (ID_ESTADO,NOMBRE) values ('22','Yaracuy');
Insert into FUNDAUC.ESTADOS (ID_ESTADO,NOMBRE) values ('23','Zulia');
Insert into FUNDAUC.ESTADOS (ID_ESTADO,NOMBRE) values ('24','Distrito Capital');
Insert into FUNDAUC.ESTADOS (ID_ESTADO,NOMBRE) values ('25','Dependencias Federales');

REM INSERTING into FUNDAUC.CIUDADES
SET DEFINE OFF;
Insert into FUNDAUC.CIUDADES (ID_CIUDAD,ID_ESTADO,NOMBRE,ES_CAPITAL) values ('310','15','La Toscana','N');
Insert into FUNDAUC.CIUDADES (ID_CIUDAD,ID_ESTADO,NOMBRE,ES_CAPITAL) values ('311','15','Maturín','S');
Insert into FUNDAUC.CIUDADES (ID_CIUDAD,ID_ESTADO,NOMBRE,ES_CAPITAL) values ('312','15','Miraflores','N');
Insert into FUNDAUC.CIUDADES (ID_CIUDAD,ID_ESTADO,NOMBRE,ES_CAPITAL) values ('313','15','Punta de Mata','N');
Insert into FUNDAUC.CIUDADES (ID_CIUDAD,ID_ESTADO,NOMBRE,ES_CAPITAL) values ('314','15','Quiriquire','N');
Insert into FUNDAUC.CIUDADES (ID_CIUDAD,ID_ESTADO,NOMBRE,ES_CAPITAL) values ('315','15','San Antonio de Maturín','N');
Insert into FUNDAUC.CIUDADES (ID_CIUDAD,ID_ESTADO,NOMBRE,ES_CAPITAL) values ('316','15','San Vicente Monagas','N');
Insert into FUNDAUC.CIUDADES (ID_CIUDAD,ID_ESTADO,NOMBRE,ES_CAPITAL) values ('317','15','Santa Bárbara','N');
Insert into FUNDAUC.CIUDADES (ID_CIUDAD,ID_ESTADO,NOMBRE,ES_CAPITAL) values ('318','15','Temblador','N');
Insert into FUNDAUC.CIUDADES (ID_CIUDAD,ID_ESTADO,NOMBRE,ES_CAPITAL) values ('319','15','Teresen','N');
Insert into FUNDAUC.CIUDADES (ID_CIUDAD,ID_ESTADO,NOMBRE,ES_CAPITAL) values ('320','15','Uracoa','N');
Insert into FUNDAUC.CIUDADES (ID_CIUDAD,ID_ESTADO,NOMBRE,ES_CAPITAL) values ('321','16','Altagracia','N');
Insert into FUNDAUC.CIUDADES (ID_CIUDAD,ID_ESTADO,NOMBRE,ES_CAPITAL) values ('322','16','Boca de Pozo','N');
Insert into FUNDAUC.CIUDADES (ID_CIUDAD,ID_ESTADO,NOMBRE,ES_CAPITAL) values ('323','16','Boca de Río','N');
Insert into FUNDAUC.CIUDADES (ID_CIUDAD,ID_ESTADO,NOMBRE,ES_CAPITAL) values ('324','16','El Espinal','N');
Insert into FUNDAUC.CIUDADES (ID_CIUDAD,ID_ESTADO,NOMBRE,ES_CAPITAL) values ('325','16','El Valle del Espíritu Santo','N');
Insert into FUNDAUC.CIUDADES (ID_CIUDAD,ID_ESTADO,NOMBRE,ES_CAPITAL) values ('326','16','El Yaque','N');
Insert into FUNDAUC.CIUDADES (ID_CIUDAD,ID_ESTADO,NOMBRE,ES_CAPITAL) values ('327','16','Juangriego','N');
Insert into FUNDAUC.CIUDADES (ID_CIUDAD,ID_ESTADO,NOMBRE,ES_CAPITAL) values ('328','16','La Asunción','S');
Insert into FUNDAUC.CIUDADES (ID_CIUDAD,ID_ESTADO,NOMBRE,ES_CAPITAL) values ('329','16','La Guardia','N');
Insert into FUNDAUC.CIUDADES (ID_CIUDAD,ID_ESTADO,NOMBRE,ES_CAPITAL) values ('330','16','Pampatar','N');
Insert into FUNDAUC.CIUDADES (ID_CIUDAD,ID_ESTADO,NOMBRE,ES_CAPITAL) values ('331','16','Porlamar','N');
Insert into FUNDAUC.CIUDADES (ID_CIUDAD,ID_ESTADO,NOMBRE,ES_CAPITAL) values ('332','16','Puerto Fermín','N');
Insert into FUNDAUC.CIUDADES (ID_CIUDAD,ID_ESTADO,NOMBRE,ES_CAPITAL) values ('333','16','Punta de Piedras','N');
Insert into FUNDAUC.CIUDADES (ID_CIUDAD,ID_ESTADO,NOMBRE,ES_CAPITAL) values ('334','16','San Francisco de Macanao','N');
Insert into FUNDAUC.CIUDADES (ID_CIUDAD,ID_ESTADO,NOMBRE,ES_CAPITAL) values ('335','16','San Juan Bautista','N');
Insert into FUNDAUC.CIUDADES (ID_CIUDAD,ID_ESTADO,NOMBRE,ES_CAPITAL) values ('336','16','San Pedro de Coche','N');
Insert into FUNDAUC.CIUDADES (ID_CIUDAD,ID_ESTADO,NOMBRE,ES_CAPITAL) values ('337','16','Santa Ana de Nueva Esparta','N');
Insert into FUNDAUC.CIUDADES (ID_CIUDAD,ID_ESTADO,NOMBRE,ES_CAPITAL) values ('338','16','Villa Rosa','N');
Insert into FUNDAUC.CIUDADES (ID_CIUDAD,ID_ESTADO,NOMBRE,ES_CAPITAL) values ('339','17','Acarigua','N');
Insert into FUNDAUC.CIUDADES (ID_CIUDAD,ID_ESTADO,NOMBRE,ES_CAPITAL) values ('340','17','Agua Blanca','N');
Insert into FUNDAUC.CIUDADES (ID_CIUDAD,ID_ESTADO,NOMBRE,ES_CAPITAL) values ('341','17','Araure','N');
Insert into FUNDAUC.CIUDADES (ID_CIUDAD,ID_ESTADO,NOMBRE,ES_CAPITAL) values ('342','17','Biscucuy','N');
Insert into FUNDAUC.CIUDADES (ID_CIUDAD,ID_ESTADO,NOMBRE,ES_CAPITAL) values ('343','17','Boconoito','N');
Insert into FUNDAUC.CIUDADES (ID_CIUDAD,ID_ESTADO,NOMBRE,ES_CAPITAL) values ('344','17','Campo Elías','N');
Insert into FUNDAUC.CIUDADES (ID_CIUDAD,ID_ESTADO,NOMBRE,ES_CAPITAL) values ('345','17','Chabasquén','N');
Insert into FUNDAUC.CIUDADES (ID_CIUDAD,ID_ESTADO,NOMBRE,ES_CAPITAL) values ('346','17','Guanare','S');
Insert into FUNDAUC.CIUDADES (ID_CIUDAD,ID_ESTADO,NOMBRE,ES_CAPITAL) values ('347','17','Guanarito','N');
Insert into FUNDAUC.CIUDADES (ID_CIUDAD,ID_ESTADO,NOMBRE,ES_CAPITAL) values ('348','17','La Aparición','N');
Insert into FUNDAUC.CIUDADES (ID_CIUDAD,ID_ESTADO,NOMBRE,ES_CAPITAL) values ('349','17','La Misión','N');
Insert into FUNDAUC.CIUDADES (ID_CIUDAD,ID_ESTADO,NOMBRE,ES_CAPITAL) values ('350','17','Mesa de Cavacas','N');
Insert into FUNDAUC.CIUDADES (ID_CIUDAD,ID_ESTADO,NOMBRE,ES_CAPITAL) values ('351','17','Ospino','N');
Insert into FUNDAUC.CIUDADES (ID_CIUDAD,ID_ESTADO,NOMBRE,ES_CAPITAL) values ('352','17','Papelón','N');
Insert into FUNDAUC.CIUDADES (ID_CIUDAD,ID_ESTADO,NOMBRE,ES_CAPITAL) values ('353','17','Payara','N');
Insert into FUNDAUC.CIUDADES (ID_CIUDAD,ID_ESTADO,NOMBRE,ES_CAPITAL) values ('354','17','Pimpinela','N');
Insert into FUNDAUC.CIUDADES (ID_CIUDAD,ID_ESTADO,NOMBRE,ES_CAPITAL) values ('355','17','Píritu de Portuguesa','N');
Insert into FUNDAUC.CIUDADES (ID_CIUDAD,ID_ESTADO,NOMBRE,ES_CAPITAL) values ('356','17','San Rafael de Onoto','N');
Insert into FUNDAUC.CIUDADES (ID_CIUDAD,ID_ESTADO,NOMBRE,ES_CAPITAL) values ('357','17','Santa Rosalía','N');
Insert into FUNDAUC.CIUDADES (ID_CIUDAD,ID_ESTADO,NOMBRE,ES_CAPITAL) values ('358','17','Turén','N');
Insert into FUNDAUC.CIUDADES (ID_CIUDAD,ID_ESTADO,NOMBRE,ES_CAPITAL) values ('359','18','Altos de Sucre','N');
Insert into FUNDAUC.CIUDADES (ID_CIUDAD,ID_ESTADO,NOMBRE,ES_CAPITAL) values ('360','18','Araya','N');
Insert into FUNDAUC.CIUDADES (ID_CIUDAD,ID_ESTADO,NOMBRE,ES_CAPITAL) values ('361','18','Cariaco','N');
Insert into FUNDAUC.CIUDADES (ID_CIUDAD,ID_ESTADO,NOMBRE,ES_CAPITAL) values ('362','18','Carúpano','N');
Insert into FUNDAUC.CIUDADES (ID_CIUDAD,ID_ESTADO,NOMBRE,ES_CAPITAL) values ('363','18','Casanay','N');
Insert into FUNDAUC.CIUDADES (ID_CIUDAD,ID_ESTADO,NOMBRE,ES_CAPITAL) values ('364','18','Cumaná','S');
Insert into FUNDAUC.CIUDADES (ID_CIUDAD,ID_ESTADO,NOMBRE,ES_CAPITAL) values ('365','18','Cumanacoa','N');
Insert into FUNDAUC.CIUDADES (ID_CIUDAD,ID_ESTADO,NOMBRE,ES_CAPITAL) values ('366','18','El Morro Puerto Santo','N');
Insert into FUNDAUC.CIUDADES (ID_CIUDAD,ID_ESTADO,NOMBRE,ES_CAPITAL) values ('367','18','El Pilar','N');
Insert into FUNDAUC.CIUDADES (ID_CIUDAD,ID_ESTADO,NOMBRE,ES_CAPITAL) values ('368','18','El Poblado','N');
Insert into FUNDAUC.CIUDADES (ID_CIUDAD,ID_ESTADO,NOMBRE,ES_CAPITAL) values ('369','18','Guaca','N');
Insert into FUNDAUC.CIUDADES (ID_CIUDAD,ID_ESTADO,NOMBRE,ES_CAPITAL) values ('370','18','Guiria','N');
Insert into FUNDAUC.CIUDADES (ID_CIUDAD,ID_ESTADO,NOMBRE,ES_CAPITAL) values ('371','18','Irapa','N');
Insert into FUNDAUC.CIUDADES (ID_CIUDAD,ID_ESTADO,NOMBRE,ES_CAPITAL) values ('372','18','Manicuare','N');
Insert into FUNDAUC.CIUDADES (ID_CIUDAD,ID_ESTADO,NOMBRE,ES_CAPITAL) values ('373','18','Mariguitar','N');
Insert into FUNDAUC.CIUDADES (ID_CIUDAD,ID_ESTADO,NOMBRE,ES_CAPITAL) values ('374','18','Río Caribe','N');
Insert into FUNDAUC.CIUDADES (ID_CIUDAD,ID_ESTADO,NOMBRE,ES_CAPITAL) values ('375','18','San Antonio del Golfo','N');
Insert into FUNDAUC.CIUDADES (ID_CIUDAD,ID_ESTADO,NOMBRE,ES_CAPITAL) values ('376','18','San José de Aerocuar','N');
Insert into FUNDAUC.CIUDADES (ID_CIUDAD,ID_ESTADO,NOMBRE,ES_CAPITAL) values ('377','18','San Vicente de Sucre','N');
Insert into FUNDAUC.CIUDADES (ID_CIUDAD,ID_ESTADO,NOMBRE,ES_CAPITAL) values ('378','18','Santa Fe de Sucre','N');
Insert into FUNDAUC.CIUDADES (ID_CIUDAD,ID_ESTADO,NOMBRE,ES_CAPITAL) values ('379','18','Tunapuy','N');
Insert into FUNDAUC.CIUDADES (ID_CIUDAD,ID_ESTADO,NOMBRE,ES_CAPITAL) values ('380','18','Yaguaraparo','N');
Insert into FUNDAUC.CIUDADES (ID_CIUDAD,ID_ESTADO,NOMBRE,ES_CAPITAL) values ('381','18','Yoco','N');
Insert into FUNDAUC.CIUDADES (ID_CIUDAD,ID_ESTADO,NOMBRE,ES_CAPITAL) values ('382','19','Abejales','N');
Insert into FUNDAUC.CIUDADES (ID_CIUDAD,ID_ESTADO,NOMBRE,ES_CAPITAL) values ('383','19','Borota','N');
Insert into FUNDAUC.CIUDADES (ID_CIUDAD,ID_ESTADO,NOMBRE,ES_CAPITAL) values ('384','19','Bramon','N');
Insert into FUNDAUC.CIUDADES (ID_CIUDAD,ID_ESTADO,NOMBRE,ES_CAPITAL) values ('385','19','Capacho','N');
Insert into FUNDAUC.CIUDADES (ID_CIUDAD,ID_ESTADO,NOMBRE,ES_CAPITAL) values ('386','19','Colón','N');
Insert into FUNDAUC.CIUDADES (ID_CIUDAD,ID_ESTADO,NOMBRE,ES_CAPITAL) values ('387','19','Coloncito','N');
Insert into FUNDAUC.CIUDADES (ID_CIUDAD,ID_ESTADO,NOMBRE,ES_CAPITAL) values ('388','19','Cordero','N');
Insert into FUNDAUC.CIUDADES (ID_CIUDAD,ID_ESTADO,NOMBRE,ES_CAPITAL) values ('389','19','El Cobre','N');
Insert into FUNDAUC.CIUDADES (ID_CIUDAD,ID_ESTADO,NOMBRE,ES_CAPITAL) values ('390','19','El Pinal','N');
Insert into FUNDAUC.CIUDADES (ID_CIUDAD,ID_ESTADO,NOMBRE,ES_CAPITAL) values ('391','19','Independencia','N');
Insert into FUNDAUC.CIUDADES (ID_CIUDAD,ID_ESTADO,NOMBRE,ES_CAPITAL) values ('392','19','La Fría','N');
Insert into FUNDAUC.CIUDADES (ID_CIUDAD,ID_ESTADO,NOMBRE,ES_CAPITAL) values ('393','19','La Grita','N');
Insert into FUNDAUC.CIUDADES (ID_CIUDAD,ID_ESTADO,NOMBRE,ES_CAPITAL) values ('394','19','La Pedrera','N');
Insert into FUNDAUC.CIUDADES (ID_CIUDAD,ID_ESTADO,NOMBRE,ES_CAPITAL) values ('395','19','La Tendida','N');
Insert into FUNDAUC.CIUDADES (ID_CIUDAD,ID_ESTADO,NOMBRE,ES_CAPITAL) values ('396','19','Las Delicias','N');
Insert into FUNDAUC.CIUDADES (ID_CIUDAD,ID_ESTADO,NOMBRE,ES_CAPITAL) values ('397','19','Las Hernández','N');
Insert into FUNDAUC.CIUDADES (ID_CIUDAD,ID_ESTADO,NOMBRE,ES_CAPITAL) values ('398','19','Lobatera','N');
Insert into FUNDAUC.CIUDADES (ID_CIUDAD,ID_ESTADO,NOMBRE,ES_CAPITAL) values ('399','19','Michelena','N');
Insert into FUNDAUC.CIUDADES (ID_CIUDAD,ID_ESTADO,NOMBRE,ES_CAPITAL) values ('400','19','Palmira','N');
Insert into FUNDAUC.CIUDADES (ID_CIUDAD,ID_ESTADO,NOMBRE,ES_CAPITAL) values ('401','19','Pregonero','N');
Insert into FUNDAUC.CIUDADES (ID_CIUDAD,ID_ESTADO,NOMBRE,ES_CAPITAL) values ('402','19','Queniquea','N');
Insert into FUNDAUC.CIUDADES (ID_CIUDAD,ID_ESTADO,NOMBRE,ES_CAPITAL) values ('403','19','Rubio','N');
Insert into FUNDAUC.CIUDADES (ID_CIUDAD,ID_ESTADO,NOMBRE,ES_CAPITAL) values ('404','19','San Antonio del Tachira','N');
Insert into FUNDAUC.CIUDADES (ID_CIUDAD,ID_ESTADO,NOMBRE,ES_CAPITAL) values ('405','19','San Cristobal','S');
Insert into FUNDAUC.CIUDADES (ID_CIUDAD,ID_ESTADO,NOMBRE,ES_CAPITAL) values ('406','19','San José de Bolívar','N');
Insert into FUNDAUC.CIUDADES (ID_CIUDAD,ID_ESTADO,NOMBRE,ES_CAPITAL) values ('407','19','San Josecito','N');
Insert into FUNDAUC.CIUDADES (ID_CIUDAD,ID_ESTADO,NOMBRE,ES_CAPITAL) values ('408','19','San Pedro del Río','N');
Insert into FUNDAUC.CIUDADES (ID_CIUDAD,ID_ESTADO,NOMBRE,ES_CAPITAL) values ('409','19','Santa Ana Táchira','N');
Insert into FUNDAUC.CIUDADES (ID_CIUDAD,ID_ESTADO,NOMBRE,ES_CAPITAL) values ('410','19','Seboruco','N');
Insert into FUNDAUC.CIUDADES (ID_CIUDAD,ID_ESTADO,NOMBRE,ES_CAPITAL) values ('411','19','Táriba','N');
Insert into FUNDAUC.CIUDADES (ID_CIUDAD,ID_ESTADO,NOMBRE,ES_CAPITAL) values ('412','19','Umuquena','N');
Insert into FUNDAUC.CIUDADES (ID_CIUDAD,ID_ESTADO,NOMBRE,ES_CAPITAL) values ('413','19','Ureña','N');
Insert into FUNDAUC.CIUDADES (ID_CIUDAD,ID_ESTADO,NOMBRE,ES_CAPITAL) values ('414','20','Batatal','N');
Insert into FUNDAUC.CIUDADES (ID_CIUDAD,ID_ESTADO,NOMBRE,ES_CAPITAL) values ('415','20','Betijoque','N');
Insert into FUNDAUC.CIUDADES (ID_CIUDAD,ID_ESTADO,NOMBRE,ES_CAPITAL) values ('416','20','Boconó','N');
Insert into FUNDAUC.CIUDADES (ID_CIUDAD,ID_ESTADO,NOMBRE,ES_CAPITAL) values ('417','20','Carache','N');
Insert into FUNDAUC.CIUDADES (ID_CIUDAD,ID_ESTADO,NOMBRE,ES_CAPITAL) values ('418','20','Chejende','N');
Insert into FUNDAUC.CIUDADES (ID_CIUDAD,ID_ESTADO,NOMBRE,ES_CAPITAL) values ('419','20','Cuicas','N');
Insert into FUNDAUC.CIUDADES (ID_CIUDAD,ID_ESTADO,NOMBRE,ES_CAPITAL) values ('420','20','El Dividive','N');
Insert into FUNDAUC.CIUDADES (ID_CIUDAD,ID_ESTADO,NOMBRE,ES_CAPITAL) values ('421','20','El Jaguito','N');
Insert into FUNDAUC.CIUDADES (ID_CIUDAD,ID_ESTADO,NOMBRE,ES_CAPITAL) values ('422','20','Escuque','N');
Insert into FUNDAUC.CIUDADES (ID_CIUDAD,ID_ESTADO,NOMBRE,ES_CAPITAL) values ('423','20','Isnotú','N');
Insert into FUNDAUC.CIUDADES (ID_CIUDAD,ID_ESTADO,NOMBRE,ES_CAPITAL) values ('424','20','Jajó','N');
Insert into FUNDAUC.CIUDADES (ID_CIUDAD,ID_ESTADO,NOMBRE,ES_CAPITAL) values ('425','20','La Ceiba','N');
Insert into FUNDAUC.CIUDADES (ID_CIUDAD,ID_ESTADO,NOMBRE,ES_CAPITAL) values ('426','20','La Concepción de Trujllo','N');
Insert into FUNDAUC.CIUDADES (ID_CIUDAD,ID_ESTADO,NOMBRE,ES_CAPITAL) values ('427','20','La Mesa de Esnujaque','N');
Insert into FUNDAUC.CIUDADES (ID_CIUDAD,ID_ESTADO,NOMBRE,ES_CAPITAL) values ('428','20','La Puerta','N');
Insert into FUNDAUC.CIUDADES (ID_CIUDAD,ID_ESTADO,NOMBRE,ES_CAPITAL) values ('429','20','La Quebrada','N');
Insert into FUNDAUC.CIUDADES (ID_CIUDAD,ID_ESTADO,NOMBRE,ES_CAPITAL) values ('430','20','Mendoza Fría','N');
Insert into FUNDAUC.CIUDADES (ID_CIUDAD,ID_ESTADO,NOMBRE,ES_CAPITAL) values ('431','20','Meseta de Chimpire','N');
Insert into FUNDAUC.CIUDADES (ID_CIUDAD,ID_ESTADO,NOMBRE,ES_CAPITAL) values ('432','20','Monay','N');
Insert into FUNDAUC.CIUDADES (ID_CIUDAD,ID_ESTADO,NOMBRE,ES_CAPITAL) values ('433','20','Motatán','N');
Insert into FUNDAUC.CIUDADES (ID_CIUDAD,ID_ESTADO,NOMBRE,ES_CAPITAL) values ('434','20','Pampán','N');
Insert into FUNDAUC.CIUDADES (ID_CIUDAD,ID_ESTADO,NOMBRE,ES_CAPITAL) values ('435','20','Pampanito','N');
Insert into FUNDAUC.CIUDADES (ID_CIUDAD,ID_ESTADO,NOMBRE,ES_CAPITAL) values ('436','20','Sabana de Mendoza','N');
Insert into FUNDAUC.CIUDADES (ID_CIUDAD,ID_ESTADO,NOMBRE,ES_CAPITAL) values ('437','20','San Lázaro','N');
Insert into FUNDAUC.CIUDADES (ID_CIUDAD,ID_ESTADO,NOMBRE,ES_CAPITAL) values ('438','20','Santa Ana de Trujillo','N');
Insert into FUNDAUC.CIUDADES (ID_CIUDAD,ID_ESTADO,NOMBRE,ES_CAPITAL) values ('439','20','Tostós','N');
Insert into FUNDAUC.CIUDADES (ID_CIUDAD,ID_ESTADO,NOMBRE,ES_CAPITAL) values ('440','20','Trujillo','S');
Insert into FUNDAUC.CIUDADES (ID_CIUDAD,ID_ESTADO,NOMBRE,ES_CAPITAL) values ('441','20','Valera','N');
Insert into FUNDAUC.CIUDADES (ID_CIUDAD,ID_ESTADO,NOMBRE,ES_CAPITAL) values ('442','21','Carayaca','N');
Insert into FUNDAUC.CIUDADES (ID_CIUDAD,ID_ESTADO,NOMBRE,ES_CAPITAL) values ('443','21','Litoral','N');
Insert into FUNDAUC.CIUDADES (ID_CIUDAD,ID_ESTADO,NOMBRE,ES_CAPITAL) values ('444','25','Archipiélago Los Roques','N');
Insert into FUNDAUC.CIUDADES (ID_CIUDAD,ID_ESTADO,NOMBRE,ES_CAPITAL) values ('445','22','Aroa','N');
Insert into FUNDAUC.CIUDADES (ID_CIUDAD,ID_ESTADO,NOMBRE,ES_CAPITAL) values ('446','22','Boraure','N');
Insert into FUNDAUC.CIUDADES (ID_CIUDAD,ID_ESTADO,NOMBRE,ES_CAPITAL) values ('447','22','Campo Elías de Yaracuy','N');
Insert into FUNDAUC.CIUDADES (ID_CIUDAD,ID_ESTADO,NOMBRE,ES_CAPITAL) values ('448','22','Chivacoa','N');
Insert into FUNDAUC.CIUDADES (ID_CIUDAD,ID_ESTADO,NOMBRE,ES_CAPITAL) values ('449','22','Cocorote','N');
Insert into FUNDAUC.CIUDADES (ID_CIUDAD,ID_ESTADO,NOMBRE,ES_CAPITAL) values ('450','22','Farriar','N');
Insert into FUNDAUC.CIUDADES (ID_CIUDAD,ID_ESTADO,NOMBRE,ES_CAPITAL) values ('451','22','Guama','N');
Insert into FUNDAUC.CIUDADES (ID_CIUDAD,ID_ESTADO,NOMBRE,ES_CAPITAL) values ('452','22','Marín','N');
Insert into FUNDAUC.CIUDADES (ID_CIUDAD,ID_ESTADO,NOMBRE,ES_CAPITAL) values ('453','22','Nirgua','N');
Insert into FUNDAUC.CIUDADES (ID_CIUDAD,ID_ESTADO,NOMBRE,ES_CAPITAL) values ('454','22','Sabana de Parra','N');
Insert into FUNDAUC.CIUDADES (ID_CIUDAD,ID_ESTADO,NOMBRE,ES_CAPITAL) values ('455','22','Salom','N');
Insert into FUNDAUC.CIUDADES (ID_CIUDAD,ID_ESTADO,NOMBRE,ES_CAPITAL) values ('456','22','San Felipe','S');
Insert into FUNDAUC.CIUDADES (ID_CIUDAD,ID_ESTADO,NOMBRE,ES_CAPITAL) values ('457','22','San Pablo de Yaracuy','N');
Insert into FUNDAUC.CIUDADES (ID_CIUDAD,ID_ESTADO,NOMBRE,ES_CAPITAL) values ('458','22','Urachiche','N');
Insert into FUNDAUC.CIUDADES (ID_CIUDAD,ID_ESTADO,NOMBRE,ES_CAPITAL) values ('459','22','Yaritagua','N');
Insert into FUNDAUC.CIUDADES (ID_CIUDAD,ID_ESTADO,NOMBRE,ES_CAPITAL) values ('460','22','Yumare','N');
Insert into FUNDAUC.CIUDADES (ID_CIUDAD,ID_ESTADO,NOMBRE,ES_CAPITAL) values ('461','23','Bachaquero','N');
Insert into FUNDAUC.CIUDADES (ID_CIUDAD,ID_ESTADO,NOMBRE,ES_CAPITAL) values ('462','23','Bobures','N');
Insert into FUNDAUC.CIUDADES (ID_CIUDAD,ID_ESTADO,NOMBRE,ES_CAPITAL) values ('463','23','Cabimas','N');
Insert into FUNDAUC.CIUDADES (ID_CIUDAD,ID_ESTADO,NOMBRE,ES_CAPITAL) values ('464','23','Campo Concepción','N');
Insert into FUNDAUC.CIUDADES (ID_CIUDAD,ID_ESTADO,NOMBRE,ES_CAPITAL) values ('465','23','Campo Mara','N');
Insert into FUNDAUC.CIUDADES (ID_CIUDAD,ID_ESTADO,NOMBRE,ES_CAPITAL) values ('466','23','Campo Rojo','N');
Insert into FUNDAUC.CIUDADES (ID_CIUDAD,ID_ESTADO,NOMBRE,ES_CAPITAL) values ('467','23','Carrasquero','N');
Insert into FUNDAUC.CIUDADES (ID_CIUDAD,ID_ESTADO,NOMBRE,ES_CAPITAL) values ('468','23','Casigua','N');
Insert into FUNDAUC.CIUDADES (ID_CIUDAD,ID_ESTADO,NOMBRE,ES_CAPITAL) values ('469','23','Chiquinquirá','N');
Insert into FUNDAUC.CIUDADES (ID_CIUDAD,ID_ESTADO,NOMBRE,ES_CAPITAL) values ('470','23','Ciudad Ojeda','N');
Insert into FUNDAUC.CIUDADES (ID_CIUDAD,ID_ESTADO,NOMBRE,ES_CAPITAL) values ('471','23','El Batey','N');
Insert into FUNDAUC.CIUDADES (ID_CIUDAD,ID_ESTADO,NOMBRE,ES_CAPITAL) values ('472','23','El Carmelo','N');
Insert into FUNDAUC.CIUDADES (ID_CIUDAD,ID_ESTADO,NOMBRE,ES_CAPITAL) values ('473','23','El Chivo','N');
Insert into FUNDAUC.CIUDADES (ID_CIUDAD,ID_ESTADO,NOMBRE,ES_CAPITAL) values ('474','23','El Guayabo','N');
Insert into FUNDAUC.CIUDADES (ID_CIUDAD,ID_ESTADO,NOMBRE,ES_CAPITAL) values ('475','23','El Mene','N');
Insert into FUNDAUC.CIUDADES (ID_CIUDAD,ID_ESTADO,NOMBRE,ES_CAPITAL) values ('476','23','El Venado','N');
Insert into FUNDAUC.CIUDADES (ID_CIUDAD,ID_ESTADO,NOMBRE,ES_CAPITAL) values ('477','23','Encontrados','N');
Insert into FUNDAUC.CIUDADES (ID_CIUDAD,ID_ESTADO,NOMBRE,ES_CAPITAL) values ('478','23','Gibraltar','N');
Insert into FUNDAUC.CIUDADES (ID_CIUDAD,ID_ESTADO,NOMBRE,ES_CAPITAL) values ('479','23','Isla de Toas','N');
Insert into FUNDAUC.CIUDADES (ID_CIUDAD,ID_ESTADO,NOMBRE,ES_CAPITAL) values ('480','23','La Concepción del Zulia','N');
Insert into FUNDAUC.CIUDADES (ID_CIUDAD,ID_ESTADO,NOMBRE,ES_CAPITAL) values ('481','23','La Paz','N');
Insert into FUNDAUC.CIUDADES (ID_CIUDAD,ID_ESTADO,NOMBRE,ES_CAPITAL) values ('482','23','La Sierrita','N');
Insert into FUNDAUC.CIUDADES (ID_CIUDAD,ID_ESTADO,NOMBRE,ES_CAPITAL) values ('483','23','Lagunillas del Zulia','N');
Insert into FUNDAUC.CIUDADES (ID_CIUDAD,ID_ESTADO,NOMBRE,ES_CAPITAL) values ('484','23','Las Piedras de Perijá','N');
Insert into FUNDAUC.CIUDADES (ID_CIUDAD,ID_ESTADO,NOMBRE,ES_CAPITAL) values ('485','23','Los Cortijos','N');
Insert into FUNDAUC.CIUDADES (ID_CIUDAD,ID_ESTADO,NOMBRE,ES_CAPITAL) values ('486','23','Machiques','N');
Insert into FUNDAUC.CIUDADES (ID_CIUDAD,ID_ESTADO,NOMBRE,ES_CAPITAL) values ('487','23','Maracaibo','S');
Insert into FUNDAUC.CIUDADES (ID_CIUDAD,ID_ESTADO,NOMBRE,ES_CAPITAL) values ('488','23','Mene Grande','N');
Insert into FUNDAUC.CIUDADES (ID_CIUDAD,ID_ESTADO,NOMBRE,ES_CAPITAL) values ('489','23','Palmarejo','N');
Insert into FUNDAUC.CIUDADES (ID_CIUDAD,ID_ESTADO,NOMBRE,ES_CAPITAL) values ('490','23','Paraguaipoa','N');
Insert into FUNDAUC.CIUDADES (ID_CIUDAD,ID_ESTADO,NOMBRE,ES_CAPITAL) values ('491','23','Potrerito','N');
Insert into FUNDAUC.CIUDADES (ID_CIUDAD,ID_ESTADO,NOMBRE,ES_CAPITAL) values ('492','23','Pueblo Nuevo del Zulia','N');
Insert into FUNDAUC.CIUDADES (ID_CIUDAD,ID_ESTADO,NOMBRE,ES_CAPITAL) values ('493','23','Puertos de Altagracia','N');
Insert into FUNDAUC.CIUDADES (ID_CIUDAD,ID_ESTADO,NOMBRE,ES_CAPITAL) values ('494','23','Punta Gorda','N');
Insert into FUNDAUC.CIUDADES (ID_CIUDAD,ID_ESTADO,NOMBRE,ES_CAPITAL) values ('495','23','Sabaneta de Palma','N');
Insert into FUNDAUC.CIUDADES (ID_CIUDAD,ID_ESTADO,NOMBRE,ES_CAPITAL) values ('496','23','San Francisco','N');
Insert into FUNDAUC.CIUDADES (ID_CIUDAD,ID_ESTADO,NOMBRE,ES_CAPITAL) values ('497','23','San José de Perijá','N');
Insert into FUNDAUC.CIUDADES (ID_CIUDAD,ID_ESTADO,NOMBRE,ES_CAPITAL) values ('498','23','San Rafael del Moján','N');
Insert into FUNDAUC.CIUDADES (ID_CIUDAD,ID_ESTADO,NOMBRE,ES_CAPITAL) values ('499','23','San Timoteo','N');
Insert into FUNDAUC.CIUDADES (ID_CIUDAD,ID_ESTADO,NOMBRE,ES_CAPITAL) values ('500','23','Santa Bárbara Del Zulia','N');
Insert into FUNDAUC.CIUDADES (ID_CIUDAD,ID_ESTADO,NOMBRE,ES_CAPITAL) values ('501','23','Santa Cruz de Mara','N');
Insert into FUNDAUC.CIUDADES (ID_CIUDAD,ID_ESTADO,NOMBRE,ES_CAPITAL) values ('502','23','Santa Cruz del Zulia','N');
Insert into FUNDAUC.CIUDADES (ID_CIUDAD,ID_ESTADO,NOMBRE,ES_CAPITAL) values ('503','23','Santa Rita','N');
Insert into FUNDAUC.CIUDADES (ID_CIUDAD,ID_ESTADO,NOMBRE,ES_CAPITAL) values ('504','23','Sinamaica','N');
Insert into FUNDAUC.CIUDADES (ID_CIUDAD,ID_ESTADO,NOMBRE,ES_CAPITAL) values ('505','23','Tamare','N');
Insert into FUNDAUC.CIUDADES (ID_CIUDAD,ID_ESTADO,NOMBRE,ES_CAPITAL) values ('506','23','Tía Juana','N');
Insert into FUNDAUC.CIUDADES (ID_CIUDAD,ID_ESTADO,NOMBRE,ES_CAPITAL) values ('507','23','Villa del Rosario','N');
Insert into FUNDAUC.CIUDADES (ID_CIUDAD,ID_ESTADO,NOMBRE,ES_CAPITAL) values ('508','21','La Guaira','S');
Insert into FUNDAUC.CIUDADES (ID_CIUDAD,ID_ESTADO,NOMBRE,ES_CAPITAL) values ('509','21','Catia La Mar','N');
Insert into FUNDAUC.CIUDADES (ID_CIUDAD,ID_ESTADO,NOMBRE,ES_CAPITAL) values ('510','21','Macuto','N');
Insert into FUNDAUC.CIUDADES (ID_CIUDAD,ID_ESTADO,NOMBRE,ES_CAPITAL) values ('511','21','Naiguatá','N');
Insert into FUNDAUC.CIUDADES (ID_CIUDAD,ID_ESTADO,NOMBRE,ES_CAPITAL) values ('512','25','Archipiélago Los Monjes','N');
Insert into FUNDAUC.CIUDADES (ID_CIUDAD,ID_ESTADO,NOMBRE,ES_CAPITAL) values ('513','25','Isla La Tortuga y Cayos adyacentes','N');
Insert into FUNDAUC.CIUDADES (ID_CIUDAD,ID_ESTADO,NOMBRE,ES_CAPITAL) values ('514','25','Isla La Sola','N');
Insert into FUNDAUC.CIUDADES (ID_CIUDAD,ID_ESTADO,NOMBRE,ES_CAPITAL) values ('515','25','Islas Los Testigos','N');
Insert into FUNDAUC.CIUDADES (ID_CIUDAD,ID_ESTADO,NOMBRE,ES_CAPITAL) values ('516','25','Islas Los Frailes','N');
Insert into FUNDAUC.CIUDADES (ID_CIUDAD,ID_ESTADO,NOMBRE,ES_CAPITAL) values ('517','25','Isla La Orchila','N');
Insert into FUNDAUC.CIUDADES (ID_CIUDAD,ID_ESTADO,NOMBRE,ES_CAPITAL) values ('518','25','Archipiélago Las Aves','N');
Insert into FUNDAUC.CIUDADES (ID_CIUDAD,ID_ESTADO,NOMBRE,ES_CAPITAL) values ('519','25','Isla de Aves','N');
Insert into FUNDAUC.CIUDADES (ID_CIUDAD,ID_ESTADO,NOMBRE,ES_CAPITAL) values ('520','25','Isla La Blanquilla','N');
Insert into FUNDAUC.CIUDADES (ID_CIUDAD,ID_ESTADO,NOMBRE,ES_CAPITAL) values ('521','25','Isla de Patos','N');
Insert into FUNDAUC.CIUDADES (ID_CIUDAD,ID_ESTADO,NOMBRE,ES_CAPITAL) values ('522','25','Islas Los Hermanos','N');
Insert into FUNDAUC.CIUDADES (ID_CIUDAD,ID_ESTADO,NOMBRE,ES_CAPITAL) values ('0','0','-','N');
Insert into FUNDAUC.CIUDADES (ID_CIUDAD,ID_ESTADO,NOMBRE,ES_CAPITAL) values ('278','14','Los Anaucos','N');
Insert into FUNDAUC.CIUDADES (ID_CIUDAD,ID_ESTADO,NOMBRE,ES_CAPITAL) values ('279','14','Los Teques','S');
Insert into FUNDAUC.CIUDADES (ID_CIUDAD,ID_ESTADO,NOMBRE,ES_CAPITAL) values ('280','14','Ocumare del Tuy','N');
Insert into FUNDAUC.CIUDADES (ID_CIUDAD,ID_ESTADO,NOMBRE,ES_CAPITAL) values ('281','14','Panaquire','N');
Insert into FUNDAUC.CIUDADES (ID_CIUDAD,ID_ESTADO,NOMBRE,ES_CAPITAL) values ('282','14','Paracotos','N');
Insert into FUNDAUC.CIUDADES (ID_CIUDAD,ID_ESTADO,NOMBRE,ES_CAPITAL) values ('283','14','Río Chico','N');
Insert into FUNDAUC.CIUDADES (ID_CIUDAD,ID_ESTADO,NOMBRE,ES_CAPITAL) values ('284','14','San Antonio de Los Altos','N');
Insert into FUNDAUC.CIUDADES (ID_CIUDAD,ID_ESTADO,NOMBRE,ES_CAPITAL) values ('285','14','San Diego de Los Altos','N');
Insert into FUNDAUC.CIUDADES (ID_CIUDAD,ID_ESTADO,NOMBRE,ES_CAPITAL) values ('286','14','San Fernando del Guapo','N');
Insert into FUNDAUC.CIUDADES (ID_CIUDAD,ID_ESTADO,NOMBRE,ES_CAPITAL) values ('287','14','San Francisco de Yare','N');
Insert into FUNDAUC.CIUDADES (ID_CIUDAD,ID_ESTADO,NOMBRE,ES_CAPITAL) values ('288','14','San José de Los Altos','N');
Insert into FUNDAUC.CIUDADES (ID_CIUDAD,ID_ESTADO,NOMBRE,ES_CAPITAL) values ('289','14','San José de Río Chico','N');
Insert into FUNDAUC.CIUDADES (ID_CIUDAD,ID_ESTADO,NOMBRE,ES_CAPITAL) values ('290','14','San Pedro de Los Altos','N');
Insert into FUNDAUC.CIUDADES (ID_CIUDAD,ID_ESTADO,NOMBRE,ES_CAPITAL) values ('291','14','Santa Lucía','N');
Insert into FUNDAUC.CIUDADES (ID_CIUDAD,ID_ESTADO,NOMBRE,ES_CAPITAL) values ('1','1','Maroa','N');
Insert into FUNDAUC.CIUDADES (ID_CIUDAD,ID_ESTADO,NOMBRE,ES_CAPITAL) values ('2','1','Puerto Ayacucho','S');
Insert into FUNDAUC.CIUDADES (ID_CIUDAD,ID_ESTADO,NOMBRE,ES_CAPITAL) values ('3','1','San Fernando de Atabapo','N');
Insert into FUNDAUC.CIUDADES (ID_CIUDAD,ID_ESTADO,NOMBRE,ES_CAPITAL) values ('4','2','Anaco','N');
Insert into FUNDAUC.CIUDADES (ID_CIUDAD,ID_ESTADO,NOMBRE,ES_CAPITAL) values ('5','2','Aragua de Barcelona','N');
Insert into FUNDAUC.CIUDADES (ID_CIUDAD,ID_ESTADO,NOMBRE,ES_CAPITAL) values ('6','2','Barcelona','S');
Insert into FUNDAUC.CIUDADES (ID_CIUDAD,ID_ESTADO,NOMBRE,ES_CAPITAL) values ('7','2','Boca de Uchire','N');
Insert into FUNDAUC.CIUDADES (ID_CIUDAD,ID_ESTADO,NOMBRE,ES_CAPITAL) values ('8','2','Cantaura','N');
Insert into FUNDAUC.CIUDADES (ID_CIUDAD,ID_ESTADO,NOMBRE,ES_CAPITAL) values ('9','2','Clarines','N');
Insert into FUNDAUC.CIUDADES (ID_CIUDAD,ID_ESTADO,NOMBRE,ES_CAPITAL) values ('10','2','El Chaparro','N');
Insert into FUNDAUC.CIUDADES (ID_CIUDAD,ID_ESTADO,NOMBRE,ES_CAPITAL) values ('11','2','El Pao Anzoátegui','N');
Insert into FUNDAUC.CIUDADES (ID_CIUDAD,ID_ESTADO,NOMBRE,ES_CAPITAL) values ('12','2','El Tigre','N');
Insert into FUNDAUC.CIUDADES (ID_CIUDAD,ID_ESTADO,NOMBRE,ES_CAPITAL) values ('13','2','El Tigrito','N');
Insert into FUNDAUC.CIUDADES (ID_CIUDAD,ID_ESTADO,NOMBRE,ES_CAPITAL) values ('14','2','Guanape','N');
Insert into FUNDAUC.CIUDADES (ID_CIUDAD,ID_ESTADO,NOMBRE,ES_CAPITAL) values ('15','2','Guanta','N');
Insert into FUNDAUC.CIUDADES (ID_CIUDAD,ID_ESTADO,NOMBRE,ES_CAPITAL) values ('16','2','Lechería','N');
Insert into FUNDAUC.CIUDADES (ID_CIUDAD,ID_ESTADO,NOMBRE,ES_CAPITAL) values ('17','2','Onoto','N');
Insert into FUNDAUC.CIUDADES (ID_CIUDAD,ID_ESTADO,NOMBRE,ES_CAPITAL) values ('18','2','Pariaguán','N');
Insert into FUNDAUC.CIUDADES (ID_CIUDAD,ID_ESTADO,NOMBRE,ES_CAPITAL) values ('19','2','Píritu','N');
Insert into FUNDAUC.CIUDADES (ID_CIUDAD,ID_ESTADO,NOMBRE,ES_CAPITAL) values ('20','2','Puerto La Cruz','N');
Insert into FUNDAUC.CIUDADES (ID_CIUDAD,ID_ESTADO,NOMBRE,ES_CAPITAL) values ('21','2','Puerto Píritu','N');
Insert into FUNDAUC.CIUDADES (ID_CIUDAD,ID_ESTADO,NOMBRE,ES_CAPITAL) values ('22','2','Sabana de Uchire','N');
Insert into FUNDAUC.CIUDADES (ID_CIUDAD,ID_ESTADO,NOMBRE,ES_CAPITAL) values ('23','2','San Mateo Anzoátegui','N');
Insert into FUNDAUC.CIUDADES (ID_CIUDAD,ID_ESTADO,NOMBRE,ES_CAPITAL) values ('24','2','San Pablo Anzoátegui','N');
Insert into FUNDAUC.CIUDADES (ID_CIUDAD,ID_ESTADO,NOMBRE,ES_CAPITAL) values ('25','2','San Tomé','N');
Insert into FUNDAUC.CIUDADES (ID_CIUDAD,ID_ESTADO,NOMBRE,ES_CAPITAL) values ('26','2','Santa Ana de Anzoátegui','N');
Insert into FUNDAUC.CIUDADES (ID_CIUDAD,ID_ESTADO,NOMBRE,ES_CAPITAL) values ('27','2','Santa Fe Anzoátegui','N');
Insert into FUNDAUC.CIUDADES (ID_CIUDAD,ID_ESTADO,NOMBRE,ES_CAPITAL) values ('28','2','Santa Rosa','N');
Insert into FUNDAUC.CIUDADES (ID_CIUDAD,ID_ESTADO,NOMBRE,ES_CAPITAL) values ('29','2','Soledad','N');
Insert into FUNDAUC.CIUDADES (ID_CIUDAD,ID_ESTADO,NOMBRE,ES_CAPITAL) values ('30','2','Urica','N');
Insert into FUNDAUC.CIUDADES (ID_CIUDAD,ID_ESTADO,NOMBRE,ES_CAPITAL) values ('31','2','Valle de Guanape','N');
Insert into FUNDAUC.CIUDADES (ID_CIUDAD,ID_ESTADO,NOMBRE,ES_CAPITAL) values ('43','3','Achaguas','N');
Insert into FUNDAUC.CIUDADES (ID_CIUDAD,ID_ESTADO,NOMBRE,ES_CAPITAL) values ('44','3','Biruaca','N');
Insert into FUNDAUC.CIUDADES (ID_CIUDAD,ID_ESTADO,NOMBRE,ES_CAPITAL) values ('45','3','Bruzual','N');
Insert into FUNDAUC.CIUDADES (ID_CIUDAD,ID_ESTADO,NOMBRE,ES_CAPITAL) values ('46','3','El Amparo','N');
Insert into FUNDAUC.CIUDADES (ID_CIUDAD,ID_ESTADO,NOMBRE,ES_CAPITAL) values ('47','3','El Nula','N');
Insert into FUNDAUC.CIUDADES (ID_CIUDAD,ID_ESTADO,NOMBRE,ES_CAPITAL) values ('48','3','Elorza','N');
Insert into FUNDAUC.CIUDADES (ID_CIUDAD,ID_ESTADO,NOMBRE,ES_CAPITAL) values ('49','3','Guasdualito','N');
Insert into FUNDAUC.CIUDADES (ID_CIUDAD,ID_ESTADO,NOMBRE,ES_CAPITAL) values ('50','3','Mantecal','N');
Insert into FUNDAUC.CIUDADES (ID_CIUDAD,ID_ESTADO,NOMBRE,ES_CAPITAL) values ('51','3','Puerto Páez','N');
Insert into FUNDAUC.CIUDADES (ID_CIUDAD,ID_ESTADO,NOMBRE,ES_CAPITAL) values ('52','3','San Fernando de Apure','S');
Insert into FUNDAUC.CIUDADES (ID_CIUDAD,ID_ESTADO,NOMBRE,ES_CAPITAL) values ('53','3','San Juan de Payara','N');
Insert into FUNDAUC.CIUDADES (ID_CIUDAD,ID_ESTADO,NOMBRE,ES_CAPITAL) values ('54','4','Barbacoas','N');
Insert into FUNDAUC.CIUDADES (ID_CIUDAD,ID_ESTADO,NOMBRE,ES_CAPITAL) values ('55','4','Cagua','N');
Insert into FUNDAUC.CIUDADES (ID_CIUDAD,ID_ESTADO,NOMBRE,ES_CAPITAL) values ('56','4','Camatagua','N');
Insert into FUNDAUC.CIUDADES (ID_CIUDAD,ID_ESTADO,NOMBRE,ES_CAPITAL) values ('58','4','Choroní','N');
Insert into FUNDAUC.CIUDADES (ID_CIUDAD,ID_ESTADO,NOMBRE,ES_CAPITAL) values ('59','4','Colonia Tovar','N');
Insert into FUNDAUC.CIUDADES (ID_CIUDAD,ID_ESTADO,NOMBRE,ES_CAPITAL) values ('60','4','El Consejo','N');
Insert into FUNDAUC.CIUDADES (ID_CIUDAD,ID_ESTADO,NOMBRE,ES_CAPITAL) values ('61','4','La Victoria','N');
Insert into FUNDAUC.CIUDADES (ID_CIUDAD,ID_ESTADO,NOMBRE,ES_CAPITAL) values ('62','4','Las Tejerías','N');
Insert into FUNDAUC.CIUDADES (ID_CIUDAD,ID_ESTADO,NOMBRE,ES_CAPITAL) values ('63','4','Magdaleno','N');
Insert into FUNDAUC.CIUDADES (ID_CIUDAD,ID_ESTADO,NOMBRE,ES_CAPITAL) values ('64','4','Maracay','S');
Insert into FUNDAUC.CIUDADES (ID_CIUDAD,ID_ESTADO,NOMBRE,ES_CAPITAL) values ('65','4','Ocumare de La Costa','N');
Insert into FUNDAUC.CIUDADES (ID_CIUDAD,ID_ESTADO,NOMBRE,ES_CAPITAL) values ('66','4','Palo Negro','N');
Insert into FUNDAUC.CIUDADES (ID_CIUDAD,ID_ESTADO,NOMBRE,ES_CAPITAL) values ('67','4','San Casimiro','N');
Insert into FUNDAUC.CIUDADES (ID_CIUDAD,ID_ESTADO,NOMBRE,ES_CAPITAL) values ('68','4','San Mateo','N');
Insert into FUNDAUC.CIUDADES (ID_CIUDAD,ID_ESTADO,NOMBRE,ES_CAPITAL) values ('69','4','San Sebastián','N');
Insert into FUNDAUC.CIUDADES (ID_CIUDAD,ID_ESTADO,NOMBRE,ES_CAPITAL) values ('70','4','Santa Cruz de Aragua','N');
Insert into FUNDAUC.CIUDADES (ID_CIUDAD,ID_ESTADO,NOMBRE,ES_CAPITAL) values ('71','4','Tocorón','N');
Insert into FUNDAUC.CIUDADES (ID_CIUDAD,ID_ESTADO,NOMBRE,ES_CAPITAL) values ('72','4','Turmero','N');
Insert into FUNDAUC.CIUDADES (ID_CIUDAD,ID_ESTADO,NOMBRE,ES_CAPITAL) values ('73','4','Villa de Cura','N');
Insert into FUNDAUC.CIUDADES (ID_CIUDAD,ID_ESTADO,NOMBRE,ES_CAPITAL) values ('74','4','Zuata','N');
Insert into FUNDAUC.CIUDADES (ID_CIUDAD,ID_ESTADO,NOMBRE,ES_CAPITAL) values ('75','5','Barinas','S');
Insert into FUNDAUC.CIUDADES (ID_CIUDAD,ID_ESTADO,NOMBRE,ES_CAPITAL) values ('76','5','Barinitas','N');
Insert into FUNDAUC.CIUDADES (ID_CIUDAD,ID_ESTADO,NOMBRE,ES_CAPITAL) values ('77','5','Barrancas','N');
Insert into FUNDAUC.CIUDADES (ID_CIUDAD,ID_ESTADO,NOMBRE,ES_CAPITAL) values ('78','5','Calderas','N');
Insert into FUNDAUC.CIUDADES (ID_CIUDAD,ID_ESTADO,NOMBRE,ES_CAPITAL) values ('79','5','Capitanejo','N');
Insert into FUNDAUC.CIUDADES (ID_CIUDAD,ID_ESTADO,NOMBRE,ES_CAPITAL) values ('80','5','Ciudad Bolivia','N');
Insert into FUNDAUC.CIUDADES (ID_CIUDAD,ID_ESTADO,NOMBRE,ES_CAPITAL) values ('81','5','El Cantón','N');
Insert into FUNDAUC.CIUDADES (ID_CIUDAD,ID_ESTADO,NOMBRE,ES_CAPITAL) values ('82','5','Las Veguitas','N');
Insert into FUNDAUC.CIUDADES (ID_CIUDAD,ID_ESTADO,NOMBRE,ES_CAPITAL) values ('83','5','Libertad de Barinas','N');
Insert into FUNDAUC.CIUDADES (ID_CIUDAD,ID_ESTADO,NOMBRE,ES_CAPITAL) values ('84','5','Sabaneta','N');
Insert into FUNDAUC.CIUDADES (ID_CIUDAD,ID_ESTADO,NOMBRE,ES_CAPITAL) values ('85','5','Santa Bárbara de Barinas','N');
Insert into FUNDAUC.CIUDADES (ID_CIUDAD,ID_ESTADO,NOMBRE,ES_CAPITAL) values ('86','5','Socopó','N');
Insert into FUNDAUC.CIUDADES (ID_CIUDAD,ID_ESTADO,NOMBRE,ES_CAPITAL) values ('87','6','Caicara del Orinoco','N');
Insert into FUNDAUC.CIUDADES (ID_CIUDAD,ID_ESTADO,NOMBRE,ES_CAPITAL) values ('88','6','Canaima','N');
Insert into FUNDAUC.CIUDADES (ID_CIUDAD,ID_ESTADO,NOMBRE,ES_CAPITAL) values ('89','6','Ciudad Bolívar','S');
Insert into FUNDAUC.CIUDADES (ID_CIUDAD,ID_ESTADO,NOMBRE,ES_CAPITAL) values ('90','6','Ciudad Piar','N');
Insert into FUNDAUC.CIUDADES (ID_CIUDAD,ID_ESTADO,NOMBRE,ES_CAPITAL) values ('91','6','El Callao','N');
Insert into FUNDAUC.CIUDADES (ID_CIUDAD,ID_ESTADO,NOMBRE,ES_CAPITAL) values ('92','6','El Dorado','N');
Insert into FUNDAUC.CIUDADES (ID_CIUDAD,ID_ESTADO,NOMBRE,ES_CAPITAL) values ('93','6','El Manteco','N');
Insert into FUNDAUC.CIUDADES (ID_CIUDAD,ID_ESTADO,NOMBRE,ES_CAPITAL) values ('94','6','El Palmar','N');
Insert into FUNDAUC.CIUDADES (ID_CIUDAD,ID_ESTADO,NOMBRE,ES_CAPITAL) values ('95','6','El Pao','N');
Insert into FUNDAUC.CIUDADES (ID_CIUDAD,ID_ESTADO,NOMBRE,ES_CAPITAL) values ('96','6','Guasipati','N');
Insert into FUNDAUC.CIUDADES (ID_CIUDAD,ID_ESTADO,NOMBRE,ES_CAPITAL) values ('97','6','Guri','N');
Insert into FUNDAUC.CIUDADES (ID_CIUDAD,ID_ESTADO,NOMBRE,ES_CAPITAL) values ('98','6','La Paragua','N');
Insert into FUNDAUC.CIUDADES (ID_CIUDAD,ID_ESTADO,NOMBRE,ES_CAPITAL) values ('99','6','Matanzas','N');
Insert into FUNDAUC.CIUDADES (ID_CIUDAD,ID_ESTADO,NOMBRE,ES_CAPITAL) values ('100','6','Puerto Ordaz','N');
Insert into FUNDAUC.CIUDADES (ID_CIUDAD,ID_ESTADO,NOMBRE,ES_CAPITAL) values ('101','6','San Félix','N');
Insert into FUNDAUC.CIUDADES (ID_CIUDAD,ID_ESTADO,NOMBRE,ES_CAPITAL) values ('102','6','Santa Elena de Uairén','N');
Insert into FUNDAUC.CIUDADES (ID_CIUDAD,ID_ESTADO,NOMBRE,ES_CAPITAL) values ('103','6','Tumeremo','N');
Insert into FUNDAUC.CIUDADES (ID_CIUDAD,ID_ESTADO,NOMBRE,ES_CAPITAL) values ('104','6','Unare','N');
Insert into FUNDAUC.CIUDADES (ID_CIUDAD,ID_ESTADO,NOMBRE,ES_CAPITAL) values ('105','6','Upata','N');
Insert into FUNDAUC.CIUDADES (ID_CIUDAD,ID_ESTADO,NOMBRE,ES_CAPITAL) values ('106','7','Bejuma','N');
Insert into FUNDAUC.CIUDADES (ID_CIUDAD,ID_ESTADO,NOMBRE,ES_CAPITAL) values ('107','7','Belén','N');
Insert into FUNDAUC.CIUDADES (ID_CIUDAD,ID_ESTADO,NOMBRE,ES_CAPITAL) values ('108','7','Campo de Carabobo','N');
Insert into FUNDAUC.CIUDADES (ID_CIUDAD,ID_ESTADO,NOMBRE,ES_CAPITAL) values ('109','7','Canoabo','N');
Insert into FUNDAUC.CIUDADES (ID_CIUDAD,ID_ESTADO,NOMBRE,ES_CAPITAL) values ('110','7','Central Tacarigua','N');
Insert into FUNDAUC.CIUDADES (ID_CIUDAD,ID_ESTADO,NOMBRE,ES_CAPITAL) values ('111','7','Chirgua','N');
Insert into FUNDAUC.CIUDADES (ID_CIUDAD,ID_ESTADO,NOMBRE,ES_CAPITAL) values ('112','7','Ciudad Alianza','N');
Insert into FUNDAUC.CIUDADES (ID_CIUDAD,ID_ESTADO,NOMBRE,ES_CAPITAL) values ('113','7','El Palito','N');
Insert into FUNDAUC.CIUDADES (ID_CIUDAD,ID_ESTADO,NOMBRE,ES_CAPITAL) values ('114','7','Guacara','N');
Insert into FUNDAUC.CIUDADES (ID_CIUDAD,ID_ESTADO,NOMBRE,ES_CAPITAL) values ('115','7','Guigue','N');
Insert into FUNDAUC.CIUDADES (ID_CIUDAD,ID_ESTADO,NOMBRE,ES_CAPITAL) values ('116','7','Las Trincheras','N');
Insert into FUNDAUC.CIUDADES (ID_CIUDAD,ID_ESTADO,NOMBRE,ES_CAPITAL) values ('117','7','Los Guayos','N');
Insert into FUNDAUC.CIUDADES (ID_CIUDAD,ID_ESTADO,NOMBRE,ES_CAPITAL) values ('118','7','Mariara','N');
Insert into FUNDAUC.CIUDADES (ID_CIUDAD,ID_ESTADO,NOMBRE,ES_CAPITAL) values ('119','7','Miranda','N');
Insert into FUNDAUC.CIUDADES (ID_CIUDAD,ID_ESTADO,NOMBRE,ES_CAPITAL) values ('120','7','Montalbán','N');
Insert into FUNDAUC.CIUDADES (ID_CIUDAD,ID_ESTADO,NOMBRE,ES_CAPITAL) values ('121','7','Morón','N');
Insert into FUNDAUC.CIUDADES (ID_CIUDAD,ID_ESTADO,NOMBRE,ES_CAPITAL) values ('122','7','Naguanagua','N');
Insert into FUNDAUC.CIUDADES (ID_CIUDAD,ID_ESTADO,NOMBRE,ES_CAPITAL) values ('123','7','Puerto Cabello','N');
Insert into FUNDAUC.CIUDADES (ID_CIUDAD,ID_ESTADO,NOMBRE,ES_CAPITAL) values ('124','7','San Joaquín','N');
Insert into FUNDAUC.CIUDADES (ID_CIUDAD,ID_ESTADO,NOMBRE,ES_CAPITAL) values ('125','7','Tocuyito','N');
Insert into FUNDAUC.CIUDADES (ID_CIUDAD,ID_ESTADO,NOMBRE,ES_CAPITAL) values ('126','7','Urama','N');
Insert into FUNDAUC.CIUDADES (ID_CIUDAD,ID_ESTADO,NOMBRE,ES_CAPITAL) values ('127','7','Valencia','S');
Insert into FUNDAUC.CIUDADES (ID_CIUDAD,ID_ESTADO,NOMBRE,ES_CAPITAL) values ('128','7','Vigirimita','N');
Insert into FUNDAUC.CIUDADES (ID_CIUDAD,ID_ESTADO,NOMBRE,ES_CAPITAL) values ('129','8','Aguirre','N');
Insert into FUNDAUC.CIUDADES (ID_CIUDAD,ID_ESTADO,NOMBRE,ES_CAPITAL) values ('130','8','Apartaderos Cojedes','N');
Insert into FUNDAUC.CIUDADES (ID_CIUDAD,ID_ESTADO,NOMBRE,ES_CAPITAL) values ('131','8','Arismendi','N');
Insert into FUNDAUC.CIUDADES (ID_CIUDAD,ID_ESTADO,NOMBRE,ES_CAPITAL) values ('132','8','Camuriquito','N');
Insert into FUNDAUC.CIUDADES (ID_CIUDAD,ID_ESTADO,NOMBRE,ES_CAPITAL) values ('133','8','El Baúl','N');
Insert into FUNDAUC.CIUDADES (ID_CIUDAD,ID_ESTADO,NOMBRE,ES_CAPITAL) values ('134','8','El Limón','N');
Insert into FUNDAUC.CIUDADES (ID_CIUDAD,ID_ESTADO,NOMBRE,ES_CAPITAL) values ('135','8','El Pao Cojedes','N');
Insert into FUNDAUC.CIUDADES (ID_CIUDAD,ID_ESTADO,NOMBRE,ES_CAPITAL) values ('136','8','El Socorro','N');
Insert into FUNDAUC.CIUDADES (ID_CIUDAD,ID_ESTADO,NOMBRE,ES_CAPITAL) values ('137','8','La Aguadita','N');
Insert into FUNDAUC.CIUDADES (ID_CIUDAD,ID_ESTADO,NOMBRE,ES_CAPITAL) values ('138','8','Las Vegas','N');
Insert into FUNDAUC.CIUDADES (ID_CIUDAD,ID_ESTADO,NOMBRE,ES_CAPITAL) values ('139','8','Libertad de Cojedes','N');
Insert into FUNDAUC.CIUDADES (ID_CIUDAD,ID_ESTADO,NOMBRE,ES_CAPITAL) values ('140','8','Mapuey','N');
Insert into FUNDAUC.CIUDADES (ID_CIUDAD,ID_ESTADO,NOMBRE,ES_CAPITAL) values ('141','8','Piñedo','N');
Insert into FUNDAUC.CIUDADES (ID_CIUDAD,ID_ESTADO,NOMBRE,ES_CAPITAL) values ('142','8','Samancito','N');
Insert into FUNDAUC.CIUDADES (ID_CIUDAD,ID_ESTADO,NOMBRE,ES_CAPITAL) values ('143','8','San Carlos','S');
Insert into FUNDAUC.CIUDADES (ID_CIUDAD,ID_ESTADO,NOMBRE,ES_CAPITAL) values ('144','8','Sucre','N');
Insert into FUNDAUC.CIUDADES (ID_CIUDAD,ID_ESTADO,NOMBRE,ES_CAPITAL) values ('145','8','Tinaco','N');
Insert into FUNDAUC.CIUDADES (ID_CIUDAD,ID_ESTADO,NOMBRE,ES_CAPITAL) values ('146','8','Tinaquillo','N');
Insert into FUNDAUC.CIUDADES (ID_CIUDAD,ID_ESTADO,NOMBRE,ES_CAPITAL) values ('147','8','Vallecito','N');
Insert into FUNDAUC.CIUDADES (ID_CIUDAD,ID_ESTADO,NOMBRE,ES_CAPITAL) values ('148','9','Tucupita','S');
Insert into FUNDAUC.CIUDADES (ID_CIUDAD,ID_ESTADO,NOMBRE,ES_CAPITAL) values ('149','24','Caracas','S');
Insert into FUNDAUC.CIUDADES (ID_CIUDAD,ID_ESTADO,NOMBRE,ES_CAPITAL) values ('150','24','El Junquito','N');
Insert into FUNDAUC.CIUDADES (ID_CIUDAD,ID_ESTADO,NOMBRE,ES_CAPITAL) values ('151','10','Adícora','N');
Insert into FUNDAUC.CIUDADES (ID_CIUDAD,ID_ESTADO,NOMBRE,ES_CAPITAL) values ('152','10','Boca de Aroa','N');
Insert into FUNDAUC.CIUDADES (ID_CIUDAD,ID_ESTADO,NOMBRE,ES_CAPITAL) values ('153','10','Cabure','N');
Insert into FUNDAUC.CIUDADES (ID_CIUDAD,ID_ESTADO,NOMBRE,ES_CAPITAL) values ('154','10','Capadare','N');
Insert into FUNDAUC.CIUDADES (ID_CIUDAD,ID_ESTADO,NOMBRE,ES_CAPITAL) values ('155','10','Capatárida','N');
Insert into FUNDAUC.CIUDADES (ID_CIUDAD,ID_ESTADO,NOMBRE,ES_CAPITAL) values ('156','10','Chichiriviche','N');
Insert into FUNDAUC.CIUDADES (ID_CIUDAD,ID_ESTADO,NOMBRE,ES_CAPITAL) values ('157','10','Churuguara','N');
Insert into FUNDAUC.CIUDADES (ID_CIUDAD,ID_ESTADO,NOMBRE,ES_CAPITAL) values ('158','10','Coro','S');
Insert into FUNDAUC.CIUDADES (ID_CIUDAD,ID_ESTADO,NOMBRE,ES_CAPITAL) values ('159','10','Cumarebo','N');
Insert into FUNDAUC.CIUDADES (ID_CIUDAD,ID_ESTADO,NOMBRE,ES_CAPITAL) values ('160','10','Dabajuro','N');
Insert into FUNDAUC.CIUDADES (ID_CIUDAD,ID_ESTADO,NOMBRE,ES_CAPITAL) values ('161','10','Judibana','N');
Insert into FUNDAUC.CIUDADES (ID_CIUDAD,ID_ESTADO,NOMBRE,ES_CAPITAL) values ('162','10','La Cruz de Taratara','N');
Insert into FUNDAUC.CIUDADES (ID_CIUDAD,ID_ESTADO,NOMBRE,ES_CAPITAL) values ('163','10','La Vela de Coro','N');
Insert into FUNDAUC.CIUDADES (ID_CIUDAD,ID_ESTADO,NOMBRE,ES_CAPITAL) values ('164','10','Los Taques','N');
Insert into FUNDAUC.CIUDADES (ID_CIUDAD,ID_ESTADO,NOMBRE,ES_CAPITAL) values ('165','10','Maparari','N');
Insert into FUNDAUC.CIUDADES (ID_CIUDAD,ID_ESTADO,NOMBRE,ES_CAPITAL) values ('166','10','Mene de Mauroa','N');
Insert into FUNDAUC.CIUDADES (ID_CIUDAD,ID_ESTADO,NOMBRE,ES_CAPITAL) values ('167','10','Mirimire','N');
Insert into FUNDAUC.CIUDADES (ID_CIUDAD,ID_ESTADO,NOMBRE,ES_CAPITAL) values ('168','10','Pedregal','N');
Insert into FUNDAUC.CIUDADES (ID_CIUDAD,ID_ESTADO,NOMBRE,ES_CAPITAL) values ('169','10','Píritu Falcón','N');
Insert into FUNDAUC.CIUDADES (ID_CIUDAD,ID_ESTADO,NOMBRE,ES_CAPITAL) values ('170','10','Pueblo Nuevo Falcón','N');
Insert into FUNDAUC.CIUDADES (ID_CIUDAD,ID_ESTADO,NOMBRE,ES_CAPITAL) values ('171','10','Puerto Cumarebo','N');
Insert into FUNDAUC.CIUDADES (ID_CIUDAD,ID_ESTADO,NOMBRE,ES_CAPITAL) values ('172','10','Punta Cardón','N');
Insert into FUNDAUC.CIUDADES (ID_CIUDAD,ID_ESTADO,NOMBRE,ES_CAPITAL) values ('173','10','Punto Fijo','N');
Insert into FUNDAUC.CIUDADES (ID_CIUDAD,ID_ESTADO,NOMBRE,ES_CAPITAL) values ('174','10','San Juan de Los Cayos','N');
Insert into FUNDAUC.CIUDADES (ID_CIUDAD,ID_ESTADO,NOMBRE,ES_CAPITAL) values ('175','10','San Luis','N');
Insert into FUNDAUC.CIUDADES (ID_CIUDAD,ID_ESTADO,NOMBRE,ES_CAPITAL) values ('176','10','Santa Ana Falcón','N');
Insert into FUNDAUC.CIUDADES (ID_CIUDAD,ID_ESTADO,NOMBRE,ES_CAPITAL) values ('177','10','Santa Cruz De Bucaral','N');
Insert into FUNDAUC.CIUDADES (ID_CIUDAD,ID_ESTADO,NOMBRE,ES_CAPITAL) values ('178','10','Tocopero','N');
Insert into FUNDAUC.CIUDADES (ID_CIUDAD,ID_ESTADO,NOMBRE,ES_CAPITAL) values ('179','10','Tocuyo de La Costa','N');
Insert into FUNDAUC.CIUDADES (ID_CIUDAD,ID_ESTADO,NOMBRE,ES_CAPITAL) values ('180','10','Tucacas','N');
Insert into FUNDAUC.CIUDADES (ID_CIUDAD,ID_ESTADO,NOMBRE,ES_CAPITAL) values ('181','10','Yaracal','N');
Insert into FUNDAUC.CIUDADES (ID_CIUDAD,ID_ESTADO,NOMBRE,ES_CAPITAL) values ('182','11','Altagracia de Orituco','N');
Insert into FUNDAUC.CIUDADES (ID_CIUDAD,ID_ESTADO,NOMBRE,ES_CAPITAL) values ('183','11','Cabruta','N');
Insert into FUNDAUC.CIUDADES (ID_CIUDAD,ID_ESTADO,NOMBRE,ES_CAPITAL) values ('184','11','Calabozo','N');
Insert into FUNDAUC.CIUDADES (ID_CIUDAD,ID_ESTADO,NOMBRE,ES_CAPITAL) values ('185','11','Camaguán','N');
Insert into FUNDAUC.CIUDADES (ID_CIUDAD,ID_ESTADO,NOMBRE,ES_CAPITAL) values ('196','11','Chaguaramas Guárico','N');
Insert into FUNDAUC.CIUDADES (ID_CIUDAD,ID_ESTADO,NOMBRE,ES_CAPITAL) values ('197','11','El Socorro','N');
Insert into FUNDAUC.CIUDADES (ID_CIUDAD,ID_ESTADO,NOMBRE,ES_CAPITAL) values ('198','11','El Sombrero','N');
Insert into FUNDAUC.CIUDADES (ID_CIUDAD,ID_ESTADO,NOMBRE,ES_CAPITAL) values ('199','11','Las Mercedes de Los Llanos','N');
Insert into FUNDAUC.CIUDADES (ID_CIUDAD,ID_ESTADO,NOMBRE,ES_CAPITAL) values ('200','11','Lezama','N');
Insert into FUNDAUC.CIUDADES (ID_CIUDAD,ID_ESTADO,NOMBRE,ES_CAPITAL) values ('201','11','Onoto','N');
Insert into FUNDAUC.CIUDADES (ID_CIUDAD,ID_ESTADO,NOMBRE,ES_CAPITAL) values ('202','11','Ortíz','N');
Insert into FUNDAUC.CIUDADES (ID_CIUDAD,ID_ESTADO,NOMBRE,ES_CAPITAL) values ('203','11','San José de Guaribe','N');
Insert into FUNDAUC.CIUDADES (ID_CIUDAD,ID_ESTADO,NOMBRE,ES_CAPITAL) values ('204','11','San Juan de Los Morros','S');
Insert into FUNDAUC.CIUDADES (ID_CIUDAD,ID_ESTADO,NOMBRE,ES_CAPITAL) values ('205','11','San Rafael de Laya','N');
Insert into FUNDAUC.CIUDADES (ID_CIUDAD,ID_ESTADO,NOMBRE,ES_CAPITAL) values ('206','11','Santa María de Ipire','N');
Insert into FUNDAUC.CIUDADES (ID_CIUDAD,ID_ESTADO,NOMBRE,ES_CAPITAL) values ('207','11','Tucupido','N');
Insert into FUNDAUC.CIUDADES (ID_CIUDAD,ID_ESTADO,NOMBRE,ES_CAPITAL) values ('208','11','Valle de La Pascua','N');
Insert into FUNDAUC.CIUDADES (ID_CIUDAD,ID_ESTADO,NOMBRE,ES_CAPITAL) values ('209','11','Zaraza','N');
Insert into FUNDAUC.CIUDADES (ID_CIUDAD,ID_ESTADO,NOMBRE,ES_CAPITAL) values ('210','12','Aguada Grande','N');
Insert into FUNDAUC.CIUDADES (ID_CIUDAD,ID_ESTADO,NOMBRE,ES_CAPITAL) values ('211','12','Atarigua','N');
Insert into FUNDAUC.CIUDADES (ID_CIUDAD,ID_ESTADO,NOMBRE,ES_CAPITAL) values ('212','12','Barquisimeto','S');
Insert into FUNDAUC.CIUDADES (ID_CIUDAD,ID_ESTADO,NOMBRE,ES_CAPITAL) values ('213','12','Bobare','N');
Insert into FUNDAUC.CIUDADES (ID_CIUDAD,ID_ESTADO,NOMBRE,ES_CAPITAL) values ('214','12','Cabudare','N');
Insert into FUNDAUC.CIUDADES (ID_CIUDAD,ID_ESTADO,NOMBRE,ES_CAPITAL) values ('215','12','Carora','N');
Insert into FUNDAUC.CIUDADES (ID_CIUDAD,ID_ESTADO,NOMBRE,ES_CAPITAL) values ('216','12','Cubiro','N');
Insert into FUNDAUC.CIUDADES (ID_CIUDAD,ID_ESTADO,NOMBRE,ES_CAPITAL) values ('217','12','Cují','N');
Insert into FUNDAUC.CIUDADES (ID_CIUDAD,ID_ESTADO,NOMBRE,ES_CAPITAL) values ('218','12','Duaca','N');
Insert into FUNDAUC.CIUDADES (ID_CIUDAD,ID_ESTADO,NOMBRE,ES_CAPITAL) values ('219','12','El Manzano','N');
Insert into FUNDAUC.CIUDADES (ID_CIUDAD,ID_ESTADO,NOMBRE,ES_CAPITAL) values ('220','12','El Tocuyo','N');
Insert into FUNDAUC.CIUDADES (ID_CIUDAD,ID_ESTADO,NOMBRE,ES_CAPITAL) values ('221','12','Guaríco','N');
Insert into FUNDAUC.CIUDADES (ID_CIUDAD,ID_ESTADO,NOMBRE,ES_CAPITAL) values ('222','12','Humocaro Alto','N');
Insert into FUNDAUC.CIUDADES (ID_CIUDAD,ID_ESTADO,NOMBRE,ES_CAPITAL) values ('223','12','Humocaro Bajo','N');
Insert into FUNDAUC.CIUDADES (ID_CIUDAD,ID_ESTADO,NOMBRE,ES_CAPITAL) values ('224','12','La Miel','N');
Insert into FUNDAUC.CIUDADES (ID_CIUDAD,ID_ESTADO,NOMBRE,ES_CAPITAL) values ('225','12','Moroturo','N');
Insert into FUNDAUC.CIUDADES (ID_CIUDAD,ID_ESTADO,NOMBRE,ES_CAPITAL) values ('226','12','Quíbor','N');
Insert into FUNDAUC.CIUDADES (ID_CIUDAD,ID_ESTADO,NOMBRE,ES_CAPITAL) values ('227','12','Río Claro','N');
Insert into FUNDAUC.CIUDADES (ID_CIUDAD,ID_ESTADO,NOMBRE,ES_CAPITAL) values ('228','12','Sanare','N');
Insert into FUNDAUC.CIUDADES (ID_CIUDAD,ID_ESTADO,NOMBRE,ES_CAPITAL) values ('229','12','Santa Inés','N');
Insert into FUNDAUC.CIUDADES (ID_CIUDAD,ID_ESTADO,NOMBRE,ES_CAPITAL) values ('230','12','Sarare','N');
Insert into FUNDAUC.CIUDADES (ID_CIUDAD,ID_ESTADO,NOMBRE,ES_CAPITAL) values ('231','12','Siquisique','N');
Insert into FUNDAUC.CIUDADES (ID_CIUDAD,ID_ESTADO,NOMBRE,ES_CAPITAL) values ('232','12','Tintorero','N');
Insert into FUNDAUC.CIUDADES (ID_CIUDAD,ID_ESTADO,NOMBRE,ES_CAPITAL) values ('233','13','Apartaderos Mérida','N');
Insert into FUNDAUC.CIUDADES (ID_CIUDAD,ID_ESTADO,NOMBRE,ES_CAPITAL) values ('234','13','Arapuey','N');
Insert into FUNDAUC.CIUDADES (ID_CIUDAD,ID_ESTADO,NOMBRE,ES_CAPITAL) values ('235','13','Bailadores','N');
Insert into FUNDAUC.CIUDADES (ID_CIUDAD,ID_ESTADO,NOMBRE,ES_CAPITAL) values ('236','13','Caja Seca','N');
Insert into FUNDAUC.CIUDADES (ID_CIUDAD,ID_ESTADO,NOMBRE,ES_CAPITAL) values ('237','13','Canaguá','N');
Insert into FUNDAUC.CIUDADES (ID_CIUDAD,ID_ESTADO,NOMBRE,ES_CAPITAL) values ('238','13','Chachopo','N');
Insert into FUNDAUC.CIUDADES (ID_CIUDAD,ID_ESTADO,NOMBRE,ES_CAPITAL) values ('239','13','Chiguara','N');
Insert into FUNDAUC.CIUDADES (ID_CIUDAD,ID_ESTADO,NOMBRE,ES_CAPITAL) values ('240','13','Ejido','N');
Insert into FUNDAUC.CIUDADES (ID_CIUDAD,ID_ESTADO,NOMBRE,ES_CAPITAL) values ('241','13','El Vigía','N');
Insert into FUNDAUC.CIUDADES (ID_CIUDAD,ID_ESTADO,NOMBRE,ES_CAPITAL) values ('242','13','La Azulita','N');
Insert into FUNDAUC.CIUDADES (ID_CIUDAD,ID_ESTADO,NOMBRE,ES_CAPITAL) values ('243','13','La Playa','N');
Insert into FUNDAUC.CIUDADES (ID_CIUDAD,ID_ESTADO,NOMBRE,ES_CAPITAL) values ('244','13','Lagunillas Mérida','N');
Insert into FUNDAUC.CIUDADES (ID_CIUDAD,ID_ESTADO,NOMBRE,ES_CAPITAL) values ('245','13','Mérida','S');
Insert into FUNDAUC.CIUDADES (ID_CIUDAD,ID_ESTADO,NOMBRE,ES_CAPITAL) values ('246','13','Mesa de Bolívar','N');
Insert into FUNDAUC.CIUDADES (ID_CIUDAD,ID_ESTADO,NOMBRE,ES_CAPITAL) values ('247','13','Mucuchíes','N');
Insert into FUNDAUC.CIUDADES (ID_CIUDAD,ID_ESTADO,NOMBRE,ES_CAPITAL) values ('248','13','Mucujepe','N');
Insert into FUNDAUC.CIUDADES (ID_CIUDAD,ID_ESTADO,NOMBRE,ES_CAPITAL) values ('249','13','Mucuruba','N');
Insert into FUNDAUC.CIUDADES (ID_CIUDAD,ID_ESTADO,NOMBRE,ES_CAPITAL) values ('250','13','Nueva Bolivia','N');
Insert into FUNDAUC.CIUDADES (ID_CIUDAD,ID_ESTADO,NOMBRE,ES_CAPITAL) values ('251','13','Palmarito','N');
Insert into FUNDAUC.CIUDADES (ID_CIUDAD,ID_ESTADO,NOMBRE,ES_CAPITAL) values ('252','13','Pueblo Llano','N');
Insert into FUNDAUC.CIUDADES (ID_CIUDAD,ID_ESTADO,NOMBRE,ES_CAPITAL) values ('253','13','Santa Cruz de Mora','N');
Insert into FUNDAUC.CIUDADES (ID_CIUDAD,ID_ESTADO,NOMBRE,ES_CAPITAL) values ('254','13','Santa Elena de Arenales','N');
Insert into FUNDAUC.CIUDADES (ID_CIUDAD,ID_ESTADO,NOMBRE,ES_CAPITAL) values ('255','13','Santo Domingo','N');
Insert into FUNDAUC.CIUDADES (ID_CIUDAD,ID_ESTADO,NOMBRE,ES_CAPITAL) values ('256','13','Tabáy','N');
Insert into FUNDAUC.CIUDADES (ID_CIUDAD,ID_ESTADO,NOMBRE,ES_CAPITAL) values ('257','13','Timotes','N');
Insert into FUNDAUC.CIUDADES (ID_CIUDAD,ID_ESTADO,NOMBRE,ES_CAPITAL) values ('258','13','Torondoy','N');
Insert into FUNDAUC.CIUDADES (ID_CIUDAD,ID_ESTADO,NOMBRE,ES_CAPITAL) values ('259','13','Tovar','N');
Insert into FUNDAUC.CIUDADES (ID_CIUDAD,ID_ESTADO,NOMBRE,ES_CAPITAL) values ('260','13','Tucani','N');
Insert into FUNDAUC.CIUDADES (ID_CIUDAD,ID_ESTADO,NOMBRE,ES_CAPITAL) values ('261','13','Zea','N');
Insert into FUNDAUC.CIUDADES (ID_CIUDAD,ID_ESTADO,NOMBRE,ES_CAPITAL) values ('262','14','Araguita','N');
Insert into FUNDAUC.CIUDADES (ID_CIUDAD,ID_ESTADO,NOMBRE,ES_CAPITAL) values ('263','14','Carrizal','N');
Insert into FUNDAUC.CIUDADES (ID_CIUDAD,ID_ESTADO,NOMBRE,ES_CAPITAL) values ('264','14','Caucagua','N');
Insert into FUNDAUC.CIUDADES (ID_CIUDAD,ID_ESTADO,NOMBRE,ES_CAPITAL) values ('265','14','Chaguaramas Miranda','N');
Insert into FUNDAUC.CIUDADES (ID_CIUDAD,ID_ESTADO,NOMBRE,ES_CAPITAL) values ('266','14','Charallave','N');
Insert into FUNDAUC.CIUDADES (ID_CIUDAD,ID_ESTADO,NOMBRE,ES_CAPITAL) values ('267','14','Chirimena','N');
Insert into FUNDAUC.CIUDADES (ID_CIUDAD,ID_ESTADO,NOMBRE,ES_CAPITAL) values ('268','14','Chuspa','N');
Insert into FUNDAUC.CIUDADES (ID_CIUDAD,ID_ESTADO,NOMBRE,ES_CAPITAL) values ('269','14','Cúa','N');
Insert into FUNDAUC.CIUDADES (ID_CIUDAD,ID_ESTADO,NOMBRE,ES_CAPITAL) values ('270','14','Cupira','N');
Insert into FUNDAUC.CIUDADES (ID_CIUDAD,ID_ESTADO,NOMBRE,ES_CAPITAL) values ('271','14','Curiepe','N');
Insert into FUNDAUC.CIUDADES (ID_CIUDAD,ID_ESTADO,NOMBRE,ES_CAPITAL) values ('272','14','El Guapo','N');
Insert into FUNDAUC.CIUDADES (ID_CIUDAD,ID_ESTADO,NOMBRE,ES_CAPITAL) values ('273','14','El Jarillo','N');
Insert into FUNDAUC.CIUDADES (ID_CIUDAD,ID_ESTADO,NOMBRE,ES_CAPITAL) values ('274','14','Filas de Mariche','N');
Insert into FUNDAUC.CIUDADES (ID_CIUDAD,ID_ESTADO,NOMBRE,ES_CAPITAL) values ('275','14','Guarenas','N');
Insert into FUNDAUC.CIUDADES (ID_CIUDAD,ID_ESTADO,NOMBRE,ES_CAPITAL) values ('276','14','Guatire','N');
Insert into FUNDAUC.CIUDADES (ID_CIUDAD,ID_ESTADO,NOMBRE,ES_CAPITAL) values ('277','14','Higuerote','N');
Insert into FUNDAUC.CIUDADES (ID_CIUDAD,ID_ESTADO,NOMBRE,ES_CAPITAL) values ('292','14','Santa Teresa','N');
Insert into FUNDAUC.CIUDADES (ID_CIUDAD,ID_ESTADO,NOMBRE,ES_CAPITAL) values ('293','14','Tacarigua de La Laguna','N');
Insert into FUNDAUC.CIUDADES (ID_CIUDAD,ID_ESTADO,NOMBRE,ES_CAPITAL) values ('294','14','Tacarigua de Mamporal','N');
Insert into FUNDAUC.CIUDADES (ID_CIUDAD,ID_ESTADO,NOMBRE,ES_CAPITAL) values ('295','14','Tácata','N');
Insert into FUNDAUC.CIUDADES (ID_CIUDAD,ID_ESTADO,NOMBRE,ES_CAPITAL) values ('296','14','Turumo','N');
Insert into FUNDAUC.CIUDADES (ID_CIUDAD,ID_ESTADO,NOMBRE,ES_CAPITAL) values ('297','15','Aguasay','N');
Insert into FUNDAUC.CIUDADES (ID_CIUDAD,ID_ESTADO,NOMBRE,ES_CAPITAL) values ('298','15','Aragua de Maturín','N');
Insert into FUNDAUC.CIUDADES (ID_CIUDAD,ID_ESTADO,NOMBRE,ES_CAPITAL) values ('299','15','Barrancas del Orinoco','N');
Insert into FUNDAUC.CIUDADES (ID_CIUDAD,ID_ESTADO,NOMBRE,ES_CAPITAL) values ('300','15','Caicara de Maturín','N');
Insert into FUNDAUC.CIUDADES (ID_CIUDAD,ID_ESTADO,NOMBRE,ES_CAPITAL) values ('301','15','Caripe','N');
Insert into FUNDAUC.CIUDADES (ID_CIUDAD,ID_ESTADO,NOMBRE,ES_CAPITAL) values ('302','15','Caripito','N');
Insert into FUNDAUC.CIUDADES (ID_CIUDAD,ID_ESTADO,NOMBRE,ES_CAPITAL) values ('303','15','Chaguaramal','N');
Insert into FUNDAUC.CIUDADES (ID_CIUDAD,ID_ESTADO,NOMBRE,ES_CAPITAL) values ('305','15','Chaguaramas Monagas','N');
Insert into FUNDAUC.CIUDADES (ID_CIUDAD,ID_ESTADO,NOMBRE,ES_CAPITAL) values ('307','15','El Furrial','N');
Insert into FUNDAUC.CIUDADES (ID_CIUDAD,ID_ESTADO,NOMBRE,ES_CAPITAL) values ('308','15','El Tejero','N');
Insert into FUNDAUC.CIUDADES (ID_CIUDAD,ID_ESTADO,NOMBRE,ES_CAPITAL) values ('309','15','Jusepín','N');

REM INSERTING into FUNDAUC.ZONAS
SET DEFINE OFF;
Insert into FUNDAUC.ZONAS (ID_ZONA,DESCRIPCION,ID_CIUDAD) values ('209','Urbanización Pechinenda','127');
Insert into FUNDAUC.ZONAS (ID_ZONA,DESCRIPCION,ID_CIUDAD) values ('210','Urbanización Portachuelo','127');
Insert into FUNDAUC.ZONAS (ID_ZONA,DESCRIPCION,ID_CIUDAD) values ('211','Urbanización Prebo','127');
Insert into FUNDAUC.ZONAS (ID_ZONA,DESCRIPCION,ID_CIUDAD) values ('212','Urbanización Prebo II','127');
Insert into FUNDAUC.ZONAS (ID_ZONA,DESCRIPCION,ID_CIUDAD) values ('213','Urbanización Sabana Larga','127');
Insert into FUNDAUC.ZONAS (ID_ZONA,DESCRIPCION,ID_CIUDAD) values ('214','Urbanización San José de Tarbes','127');
Insert into FUNDAUC.ZONAS (ID_ZONA,DESCRIPCION,ID_CIUDAD) values ('215','Urbanización Santa Cecilia','127');
Insert into FUNDAUC.ZONAS (ID_ZONA,DESCRIPCION,ID_CIUDAD) values ('216','Urbanización Terraza Los Nísperos','127');
Insert into FUNDAUC.ZONAS (ID_ZONA,DESCRIPCION,ID_CIUDAD) values ('217','Urbanización Trigal Centro','127');
Insert into FUNDAUC.ZONAS (ID_ZONA,DESCRIPCION,ID_CIUDAD) values ('218','Urbanización Trigal Norte','127');
Insert into FUNDAUC.ZONAS (ID_ZONA,DESCRIPCION,ID_CIUDAD) values ('219','Urbanización Trigal Sur','127');
Insert into FUNDAUC.ZONAS (ID_ZONA,DESCRIPCION,ID_CIUDAD) values ('220','Urbanización Valles de Camoruco','127');
Insert into FUNDAUC.ZONAS (ID_ZONA,DESCRIPCION,ID_CIUDAD) values ('221','Urbanización Villa Laguna','127');
Insert into FUNDAUC.ZONAS (ID_ZONA,DESCRIPCION,ID_CIUDAD) values ('222','Urbanización Villa Laguna Mate','127');
Insert into FUNDAUC.ZONAS (ID_ZONA,DESCRIPCION,ID_CIUDAD) values ('223','Urbanización Viñedo','127');
Insert into FUNDAUC.ZONAS (ID_ZONA,DESCRIPCION,ID_CIUDAD) values ('224','Tarapio','122');
Insert into FUNDAUC.ZONAS (ID_ZONA,DESCRIPCION,ID_CIUDAD) values ('1','Barrio Alto Michelena','122');
Insert into FUNDAUC.ZONAS (ID_ZONA,DESCRIPCION,ID_CIUDAD) values ('2','Barrio Bella Vista','122');
Insert into FUNDAUC.ZONAS (ID_ZONA,DESCRIPCION,ID_CIUDAD) values ('3','Barrio Brisas del Café','122');
Insert into FUNDAUC.ZONAS (ID_ZONA,DESCRIPCION,ID_CIUDAD) values ('4','Barrio Colinas de Girardot I','122');
Insert into FUNDAUC.ZONAS (ID_ZONA,DESCRIPCION,ID_CIUDAD) values ('5','Barrio Colinas de Girardot II','122');
Insert into FUNDAUC.ZONAS (ID_ZONA,DESCRIPCION,ID_CIUDAD) values ('6','Barrio Colón','122');
Insert into FUNDAUC.ZONAS (ID_ZONA,DESCRIPCION,ID_CIUDAD) values ('7','Barrio Coromoto','122');
Insert into FUNDAUC.ZONAS (ID_ZONA,DESCRIPCION,ID_CIUDAD) values ('8','Barrio Democracia','122');
Insert into FUNDAUC.ZONAS (ID_ZONA,DESCRIPCION,ID_CIUDAD) values ('9','Barrio Fundación Carabobo','122');
Insert into FUNDAUC.ZONAS (ID_ZONA,DESCRIPCION,ID_CIUDAD) values ('10','Barrio González Plaza','122');
Insert into FUNDAUC.ZONAS (ID_ZONA,DESCRIPCION,ID_CIUDAD) values ('11','Barrio Guayabal','122');
Insert into FUNDAUC.ZONAS (ID_ZONA,DESCRIPCION,ID_CIUDAD) values ('12','Barrio Guere','122');
Insert into FUNDAUC.ZONAS (ID_ZONA,DESCRIPCION,ID_CIUDAD) values ('13','Barrio La Cidra','122');
Insert into FUNDAUC.ZONAS (ID_ZONA,DESCRIPCION,ID_CIUDAD) values ('14','Barrio La Florida','122');
Insert into FUNDAUC.ZONAS (ID_ZONA,DESCRIPCION,ID_CIUDAD) values ('15','Barrio La Línea','122');
Insert into FUNDAUC.ZONAS (ID_ZONA,DESCRIPCION,ID_CIUDAD) values ('16','Barrio La Luz','122');
Insert into FUNDAUC.ZONAS (ID_ZONA,DESCRIPCION,ID_CIUDAD) values ('17','Barrio La Mora','122');
Insert into FUNDAUC.ZONAS (ID_ZONA,DESCRIPCION,ID_CIUDAD) values ('18','Barrio La Sabana','122');
Insert into FUNDAUC.ZONAS (ID_ZONA,DESCRIPCION,ID_CIUDAD) values ('19','Barrio Las Adjuntas','122');
Insert into FUNDAUC.ZONAS (ID_ZONA,DESCRIPCION,ID_CIUDAD) values ('20','Barrio Los Mangos','122');
Insert into FUNDAUC.ZONAS (ID_ZONA,DESCRIPCION,ID_CIUDAD) values ('21','Barrio Los Mangos I','122');
Insert into FUNDAUC.ZONAS (ID_ZONA,DESCRIPCION,ID_CIUDAD) values ('22','Barrio Los Mangos II','122');
Insert into FUNDAUC.ZONAS (ID_ZONA,DESCRIPCION,ID_CIUDAD) values ('23','Barrio Los Merecures','122');
Insert into FUNDAUC.ZONAS (ID_ZONA,DESCRIPCION,ID_CIUDAD) values ('24','Barrio Los Samanes','122');
Insert into FUNDAUC.ZONAS (ID_ZONA,DESCRIPCION,ID_CIUDAD) values ('25','Barrio Malagón','122');
Insert into FUNDAUC.ZONAS (ID_ZONA,DESCRIPCION,ID_CIUDAD) values ('26','Barrio Negra Matea','122');
Insert into FUNDAUC.ZONAS (ID_ZONA,DESCRIPCION,ID_CIUDAD) values ('27','Barrio Oeste','122');
Insert into FUNDAUC.ZONAS (ID_ZONA,DESCRIPCION,ID_CIUDAD) values ('28','Barrio Oncológico','122');
Insert into FUNDAUC.ZONAS (ID_ZONA,DESCRIPCION,ID_CIUDAD) values ('29','Barrio Punta Negra','122');
Insert into FUNDAUC.ZONAS (ID_ZONA,DESCRIPCION,ID_CIUDAD) values ('30','Barrio Simón Bolívar','122');
Insert into FUNDAUC.ZONAS (ID_ZONA,DESCRIPCION,ID_CIUDAD) values ('31','Barrio Unión','122');
Insert into FUNDAUC.ZONAS (ID_ZONA,DESCRIPCION,ID_CIUDAD) values ('32','Caserío Agua de Obispo','122');
Insert into FUNDAUC.ZONAS (ID_ZONA,DESCRIPCION,ID_CIUDAD) values ('33','Comunidad Los Próceres','122');
Insert into FUNDAUC.ZONAS (ID_ZONA,DESCRIPCION,ID_CIUDAD) values ('34','Conjunto Residencial El Piñal','122');
Insert into FUNDAUC.ZONAS (ID_ZONA,DESCRIPCION,ID_CIUDAD) values ('35','Sector Asentamiento Campesino Araguita','122');
Insert into FUNDAUC.ZONAS (ID_ZONA,DESCRIPCION,ID_CIUDAD) values ('36','Sector Bárbula','122');
Insert into FUNDAUC.ZONAS (ID_ZONA,DESCRIPCION,ID_CIUDAD) values ('37','Sector Colinas de Girardot','122');
Insert into FUNDAUC.ZONAS (ID_ZONA,DESCRIPCION,ID_CIUDAD) values ('38','Sector El Rincón','122');
Insert into FUNDAUC.ZONAS (ID_ZONA,DESCRIPCION,ID_CIUDAD) values ('39','Sector Guayabal','122');
Insert into FUNDAUC.ZONAS (ID_ZONA,DESCRIPCION,ID_CIUDAD) values ('40','Sector La Entrada','122');
Insert into FUNDAUC.ZONAS (ID_ZONA,DESCRIPCION,ID_CIUDAD) values ('41','Sector La Granja','122');
Insert into FUNDAUC.ZONAS (ID_ZONA,DESCRIPCION,ID_CIUDAD) values ('42','Sector La Unión','122');
Insert into FUNDAUC.ZONAS (ID_ZONA,DESCRIPCION,ID_CIUDAD) values ('43','Sector Las Marías','122');
Insert into FUNDAUC.ZONAS (ID_ZONA,DESCRIPCION,ID_CIUDAD) values ('44','Sector Las Quintas','122');
Insert into FUNDAUC.ZONAS (ID_ZONA,DESCRIPCION,ID_CIUDAD) values ('45','Sector Las Trincheras','122');
Insert into FUNDAUC.ZONAS (ID_ZONA,DESCRIPCION,ID_CIUDAD) values ('46','Sector Paso Real','122');
Insert into FUNDAUC.ZONAS (ID_ZONA,DESCRIPCION,ID_CIUDAD) values ('47','Sector Pozo Hondo','122');
Insert into FUNDAUC.ZONAS (ID_ZONA,DESCRIPCION,ID_CIUDAD) values ('48','Sector Santa Ana','122');
Insert into FUNDAUC.ZONAS (ID_ZONA,DESCRIPCION,ID_CIUDAD) values ('49','Sector Santa Eduvigis','122');
Insert into FUNDAUC.ZONAS (ID_ZONA,DESCRIPCION,ID_CIUDAD) values ('50','Universidad Carabobo','122');
Insert into FUNDAUC.ZONAS (ID_ZONA,DESCRIPCION,ID_CIUDAD) values ('51','Urbanización Cabriales','122');
Insert into FUNDAUC.ZONAS (ID_ZONA,DESCRIPCION,ID_CIUDAD) values ('52','Urbanización Capremco','122');
Insert into FUNDAUC.ZONAS (ID_ZONA,DESCRIPCION,ID_CIUDAD) values ('53','Urbanización CariaLinda','122');
Insert into FUNDAUC.ZONAS (ID_ZONA,DESCRIPCION,ID_CIUDAD) values ('54','Urbanización Chaguaramal','122');
Insert into FUNDAUC.ZONAS (ID_ZONA,DESCRIPCION,ID_CIUDAD) values ('55','Urbanización Chopin','122');
Insert into FUNDAUC.ZONAS (ID_ZONA,DESCRIPCION,ID_CIUDAD) values ('56','Urbanización Chuponal','122');
Insert into FUNDAUC.ZONAS (ID_ZONA,DESCRIPCION,ID_CIUDAD) values ('57','Urbanización Colina Giradot I','122');
Insert into FUNDAUC.ZONAS (ID_ZONA,DESCRIPCION,ID_CIUDAD) values ('58','Urbanización Colina Giradot II','122');
Insert into FUNDAUC.ZONAS (ID_ZONA,DESCRIPCION,ID_CIUDAD) values ('59','Urbanización Colina Giradot III','122');
Insert into FUNDAUC.ZONAS (ID_ZONA,DESCRIPCION,ID_CIUDAD) values ('60','Urbanización Doral Country','122');
Insert into FUNDAUC.ZONAS (ID_ZONA,DESCRIPCION,ID_CIUDAD) values ('61','Urbanización El Cafetal','122');
Insert into FUNDAUC.ZONAS (ID_ZONA,DESCRIPCION,ID_CIUDAD) values ('62','Urbanización El Narajal','122');
Insert into FUNDAUC.ZONAS (ID_ZONA,DESCRIPCION,ID_CIUDAD) values ('63','Urbanización El Pinar','122');
Insert into FUNDAUC.ZONAS (ID_ZONA,DESCRIPCION,ID_CIUDAD) values ('64','Urbanización El Samán','122');
Insert into FUNDAUC.ZONAS (ID_ZONA,DESCRIPCION,ID_CIUDAD) values ('65','Urbanización Give Norte II','122');
Insert into FUNDAUC.ZONAS (ID_ZONA,DESCRIPCION,ID_CIUDAD) values ('66','Urbanización Give Norte III','122');
Insert into FUNDAUC.ZONAS (ID_ZONA,DESCRIPCION,ID_CIUDAD) values ('67','Urbanización Guayabal','122');
Insert into FUNDAUC.ZONAS (ID_ZONA,DESCRIPCION,ID_CIUDAD) values ('68','Urbanización Ikabarú','122');
Insert into FUNDAUC.ZONAS (ID_ZONA,DESCRIPCION,ID_CIUDAD) values ('69','Urbanización La Begoña','122');
Insert into FUNDAUC.ZONAS (ID_ZONA,DESCRIPCION,ID_CIUDAD) values ('70','Urbanización La Campiña','122');
Insert into FUNDAUC.ZONAS (ID_ZONA,DESCRIPCION,ID_CIUDAD) values ('71','Urbanización La Entrada','122');
Insert into FUNDAUC.ZONAS (ID_ZONA,DESCRIPCION,ID_CIUDAD) values ('72','Urbanización La Entrada 2da Etapa','122');
Insert into FUNDAUC.ZONAS (ID_ZONA,DESCRIPCION,ID_CIUDAD) values ('73','Urbanización La Florida','122');
Insert into FUNDAUC.ZONAS (ID_ZONA,DESCRIPCION,ID_CIUDAD) values ('74','Urbanización La Llovizna','122');
Insert into FUNDAUC.ZONAS (ID_ZONA,DESCRIPCION,ID_CIUDAD) values ('75','Urbanización La Palmera','122');
Insert into FUNDAUC.ZONAS (ID_ZONA,DESCRIPCION,ID_CIUDAD) values ('76','Urbanización La Qurencia','122');
Insert into FUNDAUC.ZONAS (ID_ZONA,DESCRIPCION,ID_CIUDAD) values ('77','Urbanización Las Quintas I','122');
Insert into FUNDAUC.ZONAS (ID_ZONA,DESCRIPCION,ID_CIUDAD) values ('78','Urbanización Las Quintas II','122');
Insert into FUNDAUC.ZONAS (ID_ZONA,DESCRIPCION,ID_CIUDAD) values ('79','Urbanización Las Tarapitas','122');
Insert into FUNDAUC.ZONAS (ID_ZONA,DESCRIPCION,ID_CIUDAD) values ('80','Urbanización Lino Clemente','122');
Insert into FUNDAUC.ZONAS (ID_ZONA,DESCRIPCION,ID_CIUDAD) values ('81','Urbanización Lomas del Rosio','122');
Insert into FUNDAUC.ZONAS (ID_ZONA,DESCRIPCION,ID_CIUDAD) values ('82','Urbanización Los Candiles','122');
Insert into FUNDAUC.ZONAS (ID_ZONA,DESCRIPCION,ID_CIUDAD) values ('83','Urbanización Los Caracaros','122');
Insert into FUNDAUC.ZONAS (ID_ZONA,DESCRIPCION,ID_CIUDAD) values ('84','Urbanización Los Frailejones','122');
Insert into FUNDAUC.ZONAS (ID_ZONA,DESCRIPCION,ID_CIUDAD) values ('85','Urbanización Los Guayabitos','122');
Insert into FUNDAUC.ZONAS (ID_ZONA,DESCRIPCION,ID_CIUDAD) values ('86','Urbanización Los Totumitos','122');
Insert into FUNDAUC.ZONAS (ID_ZONA,DESCRIPCION,ID_CIUDAD) values ('87','Urbanización Mango Parado','122');
Insert into FUNDAUC.ZONAS (ID_ZONA,DESCRIPCION,ID_CIUDAD) values ('88','Urbanización Mangos Villas','122');
Insert into FUNDAUC.ZONAS (ID_ZONA,DESCRIPCION,ID_CIUDAD) values ('89','Urbanización Mañongo','122');
Insert into FUNDAUC.ZONAS (ID_ZONA,DESCRIPCION,ID_CIUDAD) values ('90','Urbanización Naranjal I','122');
Insert into FUNDAUC.ZONAS (ID_ZONA,DESCRIPCION,ID_CIUDAD) values ('91','Urbanización Naranjal II','122');
Insert into FUNDAUC.ZONAS (ID_ZONA,DESCRIPCION,ID_CIUDAD) values ('92','Urbanización Nueva Esparta','122');
Insert into FUNDAUC.ZONAS (ID_ZONA,DESCRIPCION,ID_CIUDAD) values ('93','Urbanización Palma de Oro','122');
Insert into FUNDAUC.ZONAS (ID_ZONA,DESCRIPCION,ID_CIUDAD) values ('94','Urbanización Parque Cabriales','122');
Insert into FUNDAUC.ZONAS (ID_ZONA,DESCRIPCION,ID_CIUDAD) values ('95','Urbanización Parque Naguanagua','122');
Insert into FUNDAUC.ZONAS (ID_ZONA,DESCRIPCION,ID_CIUDAD) values ('96','Urbanización Quintas de Naguanagua','122');
Insert into FUNDAUC.ZONAS (ID_ZONA,DESCRIPCION,ID_CIUDAD) values ('97','Urbanización Quintas del Norte','122');
Insert into FUNDAUC.ZONAS (ID_ZONA,DESCRIPCION,ID_CIUDAD) values ('98','Urbanización Qureme II','122');
Insert into FUNDAUC.ZONAS (ID_ZONA,DESCRIPCION,ID_CIUDAD) values ('99','Urbanización Rota Fe','122');
Insert into FUNDAUC.ZONAS (ID_ZONA,DESCRIPCION,ID_CIUDAD) values ('100','Urbanización Santa Ana','122');
Insert into FUNDAUC.ZONAS (ID_ZONA,DESCRIPCION,ID_CIUDAD) values ('101','Urbanización Terraza Paramacay','122');
Insert into FUNDAUC.ZONAS (ID_ZONA,DESCRIPCION,ID_CIUDAD) values ('102','Urbanización Trarapio','122');
Insert into FUNDAUC.ZONAS (ID_ZONA,DESCRIPCION,ID_CIUDAD) values ('103','Urbanización Turpial','122');
Insert into FUNDAUC.ZONAS (ID_ZONA,DESCRIPCION,ID_CIUDAD) values ('104','Urbanización Valle Verde','122');
Insert into FUNDAUC.ZONAS (ID_ZONA,DESCRIPCION,ID_CIUDAD) values ('105','Urbanización Villa del Norte','122');
Insert into FUNDAUC.ZONAS (ID_ZONA,DESCRIPCION,ID_CIUDAD) values ('106','Urbanización Villa Rincón I','122');
Insert into FUNDAUC.ZONAS (ID_ZONA,DESCRIPCION,ID_CIUDAD) values ('107','Urbanización Villa Rincón II','122');
Insert into FUNDAUC.ZONAS (ID_ZONA,DESCRIPCION,ID_CIUDAD) values ('108','Urbanización Villa Rosario','122');
Insert into FUNDAUC.ZONAS (ID_ZONA,DESCRIPCION,ID_CIUDAD) values ('109','Urbanización Vivienda de Bárbula','122');
Insert into FUNDAUC.ZONAS (ID_ZONA,DESCRIPCION,ID_CIUDAD) values ('110','Barrio Desparramadero','127');
Insert into FUNDAUC.ZONAS (ID_ZONA,DESCRIPCION,ID_CIUDAD) values ('111','Barrio El Lindero','127');
Insert into FUNDAUC.ZONAS (ID_ZONA,DESCRIPCION,ID_CIUDAD) values ('112','Barrio El Trigal','127');
Insert into FUNDAUC.ZONAS (ID_ZONA,DESCRIPCION,ID_CIUDAD) values ('113','Barrio El Trigalito','127');
Insert into FUNDAUC.ZONAS (ID_ZONA,DESCRIPCION,ID_CIUDAD) values ('114','Barrio La Línea','127');
Insert into FUNDAUC.ZONAS (ID_ZONA,DESCRIPCION,ID_CIUDAD) values ('115','Barrio La Manguera','127');
Insert into FUNDAUC.ZONAS (ID_ZONA,DESCRIPCION,ID_CIUDAD) values ('116','Barrio La Manguita','127');
Insert into FUNDAUC.ZONAS (ID_ZONA,DESCRIPCION,ID_CIUDAD) values ('117','Barrio La Rosarito','127');
Insert into FUNDAUC.ZONAS (ID_ZONA,DESCRIPCION,ID_CIUDAD) values ('118','Barrio Mañonguito','127');
Insert into FUNDAUC.ZONAS (ID_ZONA,DESCRIPCION,ID_CIUDAD) values ('119','Barrio Moñongo','127');
Insert into FUNDAUC.ZONAS (ID_ZONA,DESCRIPCION,ID_CIUDAD) values ('120','Barrio Padre Alfonzo','127');
Insert into FUNDAUC.ZONAS (ID_ZONA,DESCRIPCION,ID_CIUDAD) values ('121','Barrio Rincón','127');
Insert into FUNDAUC.ZONAS (ID_ZONA,DESCRIPCION,ID_CIUDAD) values ('122','Barrio Rinconcito Moñongo','127');
Insert into FUNDAUC.ZONAS (ID_ZONA,DESCRIPCION,ID_CIUDAD) values ('123','Barrio San Pedro','127');
Insert into FUNDAUC.ZONAS (ID_ZONA,DESCRIPCION,ID_CIUDAD) values ('124','Caserío El Lindero','127');
Insert into FUNDAUC.ZONAS (ID_ZONA,DESCRIPCION,ID_CIUDAD) values ('125','Centro San José','127');
Insert into FUNDAUC.ZONAS (ID_ZONA,DESCRIPCION,ID_CIUDAD) values ('126','Oficina Postal Telegráfica El Trigal','127');
Insert into FUNDAUC.ZONAS (ID_ZONA,DESCRIPCION,ID_CIUDAD) values ('127','Parque Residencial Kerdell','127');
Insert into FUNDAUC.ZONAS (ID_ZONA,DESCRIPCION,ID_CIUDAD) values ('128','Sector Acacias','127');
Insert into FUNDAUC.ZONAS (ID_ZONA,DESCRIPCION,ID_CIUDAD) values ('129','Sector Camoruco','127');
Insert into FUNDAUC.ZONAS (ID_ZONA,DESCRIPCION,ID_CIUDAD) values ('130','Sector Chimenea','127');
Insert into FUNDAUC.ZONAS (ID_ZONA,DESCRIPCION,ID_CIUDAD) values ('131','Sector Ciudad Jardín Mañongo','127');
Insert into FUNDAUC.ZONAS (ID_ZONA,DESCRIPCION,ID_CIUDAD) values ('132','Sector El Recreo','127');
Insert into FUNDAUC.ZONAS (ID_ZONA,DESCRIPCION,ID_CIUDAD) values ('133','Sector El Trigal Sur','127');
Insert into FUNDAUC.ZONAS (ID_ZONA,DESCRIPCION,ID_CIUDAD) values ('134','Sector Guaparo','127');
Insert into FUNDAUC.ZONAS (ID_ZONA,DESCRIPCION,ID_CIUDAD) values ('135','Sector Guataparo','127');
Insert into FUNDAUC.ZONAS (ID_ZONA,DESCRIPCION,ID_CIUDAD) values ('136','Sector La Viña','127');
Insert into FUNDAUC.ZONAS (ID_ZONA,DESCRIPCION,ID_CIUDAD) values ('137','Sector Los Nísperos','127');
Insert into FUNDAUC.ZONAS (ID_ZONA,DESCRIPCION,ID_CIUDAD) values ('138','Sector Norte','127');
Insert into FUNDAUC.ZONAS (ID_ZONA,DESCRIPCION,ID_CIUDAD) values ('139','Sector Palma Real','127');
Insert into FUNDAUC.ZONAS (ID_ZONA,DESCRIPCION,ID_CIUDAD) values ('140','Sector Pastora','127');
Insert into FUNDAUC.ZONAS (ID_ZONA,DESCRIPCION,ID_CIUDAD) values ('141','Sector Piedras Pintadas','127');
Insert into FUNDAUC.ZONAS (ID_ZONA,DESCRIPCION,ID_CIUDAD) values ('142','Sector Prebo','127');
Insert into FUNDAUC.ZONAS (ID_ZONA,DESCRIPCION,ID_CIUDAD) values ('143','Sector Prebo I','127');
Insert into FUNDAUC.ZONAS (ID_ZONA,DESCRIPCION,ID_CIUDAD) values ('144','Sector Prebo II','127');
Insert into FUNDAUC.ZONAS (ID_ZONA,DESCRIPCION,ID_CIUDAD) values ('145','Sector Prebo III','127');
Insert into FUNDAUC.ZONAS (ID_ZONA,DESCRIPCION,ID_CIUDAD) values ('146','Sector Residencial Caja de Agua','127');
Insert into FUNDAUC.ZONAS (ID_ZONA,DESCRIPCION,ID_CIUDAD) values ('147','Sector Residencial Camoruco Viejo','127');
Insert into FUNDAUC.ZONAS (ID_ZONA,DESCRIPCION,ID_CIUDAD) values ('148','Sector Santa Cecilia','127');
Insert into FUNDAUC.ZONAS (ID_ZONA,DESCRIPCION,ID_CIUDAD) values ('149','Sector Tazajal','127');
Insert into FUNDAUC.ZONAS (ID_ZONA,DESCRIPCION,ID_CIUDAD) values ('150','Sector Trigal','127');
Insert into FUNDAUC.ZONAS (ID_ZONA,DESCRIPCION,ID_CIUDAD) values ('151','Sector Trigal Norte','127');
Insert into FUNDAUC.ZONAS (ID_ZONA,DESCRIPCION,ID_CIUDAD) values ('152','Sector Viñedo','127');
Insert into FUNDAUC.ZONAS (ID_ZONA,DESCRIPCION,ID_CIUDAD) values ('153','Sitio El Ingenio','127');
Insert into FUNDAUC.ZONAS (ID_ZONA,DESCRIPCION,ID_CIUDAD) values ('154','Sitio El Pelero','127');
Insert into FUNDAUC.ZONAS (ID_ZONA,DESCRIPCION,ID_CIUDAD) values ('155','Sitio El Tigre','127');
Insert into FUNDAUC.ZONAS (ID_ZONA,DESCRIPCION,ID_CIUDAD) values ('156','Sitio Guataparo','127');
Insert into FUNDAUC.ZONAS (ID_ZONA,DESCRIPCION,ID_CIUDAD) values ('157','Sitio La Campania','127');
Insert into FUNDAUC.ZONAS (ID_ZONA,DESCRIPCION,ID_CIUDAD) values ('158','Sitio La Campesina','127');
Insert into FUNDAUC.ZONAS (ID_ZONA,DESCRIPCION,ID_CIUDAD) values ('159','Sitio La Concepción','127');
Insert into FUNDAUC.ZONAS (ID_ZONA,DESCRIPCION,ID_CIUDAD) values ('160','Sitio La Luz','127');
Insert into FUNDAUC.ZONAS (ID_ZONA,DESCRIPCION,ID_CIUDAD) values ('161','Sitio La Manga','127');
Insert into FUNDAUC.ZONAS (ID_ZONA,DESCRIPCION,ID_CIUDAD) values ('162','Sitio La Pastora','127');
Insert into FUNDAUC.ZONAS (ID_ZONA,DESCRIPCION,ID_CIUDAD) values ('163','Sitio La Pastorcita','127');
Insert into FUNDAUC.ZONAS (ID_ZONA,DESCRIPCION,ID_CIUDAD) values ('164','Sitio Sabana Afuera','127');
Insert into FUNDAUC.ZONAS (ID_ZONA,DESCRIPCION,ID_CIUDAD) values ('165','Urbanización Agua Blanca','127');
Insert into FUNDAUC.ZONAS (ID_ZONA,DESCRIPCION,ID_CIUDAD) values ('166','Urbanización Alto Royal','127');
Insert into FUNDAUC.ZONAS (ID_ZONA,DESCRIPCION,ID_CIUDAD) values ('167','Urbanización Altos de Guataparo','127');
Insert into FUNDAUC.ZONAS (ID_ZONA,DESCRIPCION,ID_CIUDAD) values ('168','Urbanización Camoruco','127');
Insert into FUNDAUC.ZONAS (ID_ZONA,DESCRIPCION,ID_CIUDAD) values ('169','Urbanización Campo Alegre','127');
Insert into FUNDAUC.ZONAS (ID_ZONA,DESCRIPCION,ID_CIUDAD) values ('170','Urbanización Carabobo','127');
Insert into FUNDAUC.ZONAS (ID_ZONA,DESCRIPCION,ID_CIUDAD) values ('171','Urbanización Ceiba','127');
Insert into FUNDAUC.ZONAS (ID_ZONA,DESCRIPCION,ID_CIUDAD) values ('172','Urbanización Chaguaramal','127');
Insert into FUNDAUC.ZONAS (ID_ZONA,DESCRIPCION,ID_CIUDAD) values ('173','Urbanización Chimenea','127');
Insert into FUNDAUC.ZONAS (ID_ZONA,DESCRIPCION,ID_CIUDAD) values ('174','Urbanización Colinas de Guataparo','127');
Insert into FUNDAUC.ZONAS (ID_ZONA,DESCRIPCION,ID_CIUDAD) values ('175','Urbanización Country Club','127');
Insert into FUNDAUC.ZONAS (ID_ZONA,DESCRIPCION,ID_CIUDAD) values ('176','Urbanización Cuarta Avenida','127');
Insert into FUNDAUC.ZONAS (ID_ZONA,DESCRIPCION,ID_CIUDAD) values ('177','Urbanización El Bosque','127');
Insert into FUNDAUC.ZONAS (ID_ZONA,DESCRIPCION,ID_CIUDAD) values ('178','Urbanización El Mirador','127');
Insert into FUNDAUC.ZONAS (ID_ZONA,DESCRIPCION,ID_CIUDAD) values ('179','Urbanización El Parque','127');
Insert into FUNDAUC.ZONAS (ID_ZONA,DESCRIPCION,ID_CIUDAD) values ('180','Urbanización El Parral','127');
Insert into FUNDAUC.ZONAS (ID_ZONA,DESCRIPCION,ID_CIUDAD) values ('181','Urbanización El Portal','127');
Insert into FUNDAUC.ZONAS (ID_ZONA,DESCRIPCION,ID_CIUDAD) values ('182','Urbanización El Recreo','127');
Insert into FUNDAUC.ZONAS (ID_ZONA,DESCRIPCION,ID_CIUDAD) values ('183','Urbanización El Solar','127');
Insert into FUNDAUC.ZONAS (ID_ZONA,DESCRIPCION,ID_CIUDAD) values ('184','Urbanización Guataparo','127');
Insert into FUNDAUC.ZONAS (ID_ZONA,DESCRIPCION,ID_CIUDAD) values ('185','Urbanización Guataparo Country Club','127');
Insert into FUNDAUC.ZONAS (ID_ZONA,DESCRIPCION,ID_CIUDAD) values ('186','Urbanización Kerdell','127');
Insert into FUNDAUC.ZONAS (ID_ZONA,DESCRIPCION,ID_CIUDAD) values ('187','Urbanización La Alegría','127');
Insert into FUNDAUC.ZONAS (ID_ZONA,DESCRIPCION,ID_CIUDAD) values ('188','Urbanización La Arboleda','127');
Insert into FUNDAUC.ZONAS (ID_ZONA,DESCRIPCION,ID_CIUDAD) values ('189','Urbanización La Asunción','127');
Insert into FUNDAUC.ZONAS (ID_ZONA,DESCRIPCION,ID_CIUDAD) values ('190','Urbanización La Isabela','127');
Insert into FUNDAUC.ZONAS (ID_ZONA,DESCRIPCION,ID_CIUDAD) values ('191','Urbanización La Limonera','127');
Insert into FUNDAUC.ZONAS (ID_ZONA,DESCRIPCION,ID_CIUDAD) values ('192','Urbanización La Trigaleña','127');
Insert into FUNDAUC.ZONAS (ID_ZONA,DESCRIPCION,ID_CIUDAD) values ('193','Urbanización La Viña','127');
Insert into FUNDAUC.ZONAS (ID_ZONA,DESCRIPCION,ID_CIUDAD) values ('194','Urbanización Las Acacias','127');
Insert into FUNDAUC.ZONAS (ID_ZONA,DESCRIPCION,ID_CIUDAD) values ('195','Urbanización Las Chimeneas','127');
Insert into FUNDAUC.ZONAS (ID_ZONA,DESCRIPCION,ID_CIUDAD) values ('196','Urbanización Las Clavelinas','127');
Insert into FUNDAUC.ZONAS (ID_ZONA,DESCRIPCION,ID_CIUDAD) values ('197','Urbanización Lomas del Este','127');
Insert into FUNDAUC.ZONAS (ID_ZONA,DESCRIPCION,ID_CIUDAD) values ('198','Urbanización Los Colorados','127');
Insert into FUNDAUC.ZONAS (ID_ZONA,DESCRIPCION,ID_CIUDAD) values ('199','Urbanización Los Mangos','127');
Insert into FUNDAUC.ZONAS (ID_ZONA,DESCRIPCION,ID_CIUDAD) values ('200','Urbanización Los Naranjos','127');
Insert into FUNDAUC.ZONAS (ID_ZONA,DESCRIPCION,ID_CIUDAD) values ('201','Urbanización Los Nísperos','127');
Insert into FUNDAUC.ZONAS (ID_ZONA,DESCRIPCION,ID_CIUDAD) values ('202','Urbanización Los Sauces','127');
Insert into FUNDAUC.ZONAS (ID_ZONA,DESCRIPCION,ID_CIUDAD) values ('203','Urbanización Los Sauces Viejo','127');
Insert into FUNDAUC.ZONAS (ID_ZONA,DESCRIPCION,ID_CIUDAD) values ('204','Urbanización Los Sitios de Guataparo','127');
Insert into FUNDAUC.ZONAS (ID_ZONA,DESCRIPCION,ID_CIUDAD) values ('205','Urbanización Majay','127');
Insert into FUNDAUC.ZONAS (ID_ZONA,DESCRIPCION,ID_CIUDAD) values ('206','Urbanización María Carlota','127');
Insert into FUNDAUC.ZONAS (ID_ZONA,DESCRIPCION,ID_CIUDAD) values ('207','Urbanización Miranda','127');
Insert into FUNDAUC.ZONAS (ID_ZONA,DESCRIPCION,ID_CIUDAD) values ('208','Urbanización Palma Real','127');

REM INSERTING into FUNDAUC.TIPO_ESTUDIANTE
SET DEFINE OFF;
Insert into FUNDAUC.TIPO_ESTUDIANTE (ID_TIPO_EST,DESCRIPCION) values ('1','REGULAR');
Insert into FUNDAUC.TIPO_ESTUDIANTE (ID_TIPO_EST,DESCRIPCION) values ('2','REGULAR REPITIENTE');
Insert into FUNDAUC.TIPO_ESTUDIANTE (ID_TIPO_EST,DESCRIPCION) values ('3','SUSPENDIDO');
Insert into FUNDAUC.TIPO_ESTUDIANTE (ID_TIPO_EST,DESCRIPCION) values ('4','UBICADO');
Insert into FUNDAUC.TIPO_ESTUDIANTE (ID_TIPO_EST,DESCRIPCION) values ('7','SUSPENDIDO');
Insert into FUNDAUC.TIPO_ESTUDIANTE (ID_TIPO_EST,DESCRIPCION) values ('0','NUEVO INGRESO');

REM INSERTING into FUNDAUC.OCUPACIONES
SET DEFINE OFF;
Insert into FUNDAUC.OCUPACIONES (ID_OCUPACION,NOMBRE) values ('1','Estudiante');
Insert into FUNDAUC.OCUPACIONES (ID_OCUPACION,NOMBRE) values ('2','Otro');

REM INSERTING into FUNDAUC.SALONES
SET DEFINE OFF;
Insert into FUNDAUC.SALONES (ID_SALON,EDIFICIO,DESCRIPCION,CAPACIDAD,ANCHO,LARGO) values ('15','2','SALON 19','45','0','0');
Insert into FUNDAUC.SALONES (ID_SALON,EDIFICIO,DESCRIPCION,CAPACIDAD,ANCHO,LARGO) values ('2','2','SALON 2','25','0','0');
Insert into FUNDAUC.SALONES (ID_SALON,EDIFICIO,DESCRIPCION,CAPACIDAD,ANCHO,LARGO) values ('3','2','SALON 3A','30','0','0');
Insert into FUNDAUC.SALONES (ID_SALON,EDIFICIO,DESCRIPCION,CAPACIDAD,ANCHO,LARGO) values ('4','2','SALON 5','25','0','0');
Insert into FUNDAUC.SALONES (ID_SALON,EDIFICIO,DESCRIPCION,CAPACIDAD,ANCHO,LARGO) values ('5','2','SALON 6B1','25','0','0');
Insert into FUNDAUC.SALONES (ID_SALON,EDIFICIO,DESCRIPCION,CAPACIDAD,ANCHO,LARGO) values ('6','2','SALON 6B2','25','0','0');
Insert into FUNDAUC.SALONES (ID_SALON,EDIFICIO,DESCRIPCION,CAPACIDAD,ANCHO,LARGO) values ('7','2','SALON 7','25','0','0');
Insert into FUNDAUC.SALONES (ID_SALON,EDIFICIO,DESCRIPCION,CAPACIDAD,ANCHO,LARGO) values ('8','2','SALON 8','25','0','0');
Insert into FUNDAUC.SALONES (ID_SALON,EDIFICIO,DESCRIPCION,CAPACIDAD,ANCHO,LARGO) values ('9','2','SALON 9','25','0','0');
Insert into FUNDAUC.SALONES (ID_SALON,EDIFICIO,DESCRIPCION,CAPACIDAD,ANCHO,LARGO) values ('10','2','SALON 10','25','0','0');
Insert into FUNDAUC.SALONES (ID_SALON,EDIFICIO,DESCRIPCION,CAPACIDAD,ANCHO,LARGO) values ('11','2','SALON 11','25','0','0');
Insert into FUNDAUC.SALONES (ID_SALON,EDIFICIO,DESCRIPCION,CAPACIDAD,ANCHO,LARGO) values ('12','2','SALON 12','25','0','0');
Insert into FUNDAUC.SALONES (ID_SALON,EDIFICIO,DESCRIPCION,CAPACIDAD,ANCHO,LARGO) values ('13','2','SALON 15','45','0','0');
Insert into FUNDAUC.SALONES (ID_SALON,EDIFICIO,DESCRIPCION,CAPACIDAD,ANCHO,LARGO) values ('14','2','SALON 18','25','0','0');
Insert into FUNDAUC.SALONES (ID_SALON,EDIFICIO,DESCRIPCION,CAPACIDAD,ANCHO,LARGO) values ('17','2','VIERNES','22','0','0');
Insert into FUNDAUC.SALONES (ID_SALON,EDIFICIO,DESCRIPCION,CAPACIDAD,ANCHO,LARGO) values ('1','2','SALON 1','30','0','0');
Insert into FUNDAUC.SALONES (ID_SALON,EDIFICIO,DESCRIPCION,CAPACIDAD,ANCHO,LARGO) values ('37','3','SALON 1','15',null,null);
Insert into FUNDAUC.SALONES (ID_SALON,EDIFICIO,DESCRIPCION,CAPACIDAD,ANCHO,LARGO) values ('18','2','SALON 33','12',null,null);
Insert into FUNDAUC.SALONES (ID_SALON,EDIFICIO,DESCRIPCION,CAPACIDAD,ANCHO,LARGO) values ('19','2','SALON 34','22',null,null);
Insert into FUNDAUC.SALONES (ID_SALON,EDIFICIO,DESCRIPCION,CAPACIDAD,ANCHO,LARGO) values ('36','5','SALON 1A','15',null,null);
Insert into FUNDAUC.SALONES (ID_SALON,EDIFICIO,DESCRIPCION,CAPACIDAD,ANCHO,LARGO) values ('22','1','SALON D3','24',null,null);
Insert into FUNDAUC.SALONES (ID_SALON,EDIFICIO,DESCRIPCION,CAPACIDAD,ANCHO,LARGO) values ('23','1','SALON 6-B1','21',null,null);
Insert into FUNDAUC.SALONES (ID_SALON,EDIFICIO,DESCRIPCION,CAPACIDAD,ANCHO,LARGO) values ('24','1','SALON D1','21',null,null);
Insert into FUNDAUC.SALONES (ID_SALON,EDIFICIO,DESCRIPCION,CAPACIDAD,ANCHO,LARGO) values ('25','1','SALON O','15',null,null);
Insert into FUNDAUC.SALONES (ID_SALON,EDIFICIO,DESCRIPCION,CAPACIDAD,ANCHO,LARGO) values ('26','1','SALON D2','14',null,null);
Insert into FUNDAUC.SALONES (ID_SALON,EDIFICIO,DESCRIPCION,CAPACIDAD,ANCHO,LARGO) values ('27','1',' SALON AZUL','20',null,null);
Insert into FUNDAUC.SALONES (ID_SALON,EDIFICIO,DESCRIPCION,CAPACIDAD,ANCHO,LARGO) values ('28','1','SALON 17','30',null,null);
Insert into FUNDAUC.SALONES (ID_SALON,EDIFICIO,DESCRIPCION,CAPACIDAD,ANCHO,LARGO) values ('29','1','SALON','17',null,null);
Insert into FUNDAUC.SALONES (ID_SALON,EDIFICIO,DESCRIPCION,CAPACIDAD,ANCHO,LARGO) values ('30','1','SALON 13','30',null,null);
Insert into FUNDAUC.SALONES (ID_SALON,EDIFICIO,DESCRIPCION,CAPACIDAD,ANCHO,LARGO) values ('31','1','SALON 13','30',null,null);
Insert into FUNDAUC.SALONES (ID_SALON,EDIFICIO,DESCRIPCION,CAPACIDAD,ANCHO,LARGO) values ('32','1','SALON BEIGE','21',null,null);
Insert into FUNDAUC.SALONES (ID_SALON,EDIFICIO,DESCRIPCION,CAPACIDAD,ANCHO,LARGO) values ('34','1','SALON 15','30',null,null);
Insert into FUNDAUC.SALONES (ID_SALON,EDIFICIO,DESCRIPCION,CAPACIDAD,ANCHO,LARGO) values ('35','2','SALON 3B','20',null,null);
Insert into FUNDAUC.SALONES (ID_SALON,EDIFICIO,DESCRIPCION,CAPACIDAD,ANCHO,LARGO) values ('20','1','SALON 33','26',null,null);
Insert into FUNDAUC.SALONES (ID_SALON,EDIFICIO,DESCRIPCION,CAPACIDAD,ANCHO,LARGO) values ('21','1','SALON 34','27',null,null);

REM INSERTING into FUNDAUC.EVENTOS
SET DEFINE OFF;
Insert into FUNDAUC.EVENTOS (ID_EVENTO,DESCRIPCION,IN_CURSO,IN_SECCION,IN_MONTO,IN_CANTIDAD,IN_EVALUACION) values ('60','ARANCEL DE CERTIFICADO (SECRETARIA)','S','N','S','N','N');
Insert into FUNDAUC.EVENTOS (ID_EVENTO,DESCRIPCION,IN_CURSO,IN_SECCION,IN_MONTO,IN_CANTIDAD,IN_EVALUACION) values ('61','CONSTANCIA DE CAMBIO DE HORARIO ','N','N','S','N','N');
Insert into FUNDAUC.EVENTOS (ID_EVENTO,DESCRIPCION,IN_CURSO,IN_SECCION,IN_MONTO,IN_CANTIDAD,IN_EVALUACION) values ('62','CONSTANCIA DE CAMBIO DE SEDE','N','N','S','N','N');
Insert into FUNDAUC.EVENTOS (ID_EVENTO,DESCRIPCION,IN_CURSO,IN_SECCION,IN_MONTO,IN_CANTIDAD,IN_EVALUACION) values ('63','CONSTANCIA DE OTROS IDIOMAS','N','N','S','N','N');
Insert into FUNDAUC.EVENTOS (ID_EVENTO,DESCRIPCION,IN_CURSO,IN_SECCION,IN_MONTO,IN_CANTIDAD,IN_EVALUACION) values ('64','EXAMEN RECUPERATIVO','S','S','N','N','S');
Insert into FUNDAUC.EVENTOS (ID_EVENTO,DESCRIPCION,IN_CURSO,IN_SECCION,IN_MONTO,IN_CANTIDAD,IN_EVALUACION) values ('1','MATRICULA','N','N','S','N','N');
Insert into FUNDAUC.EVENTOS (ID_EVENTO,DESCRIPCION,IN_CURSO,IN_SECCION,IN_MONTO,IN_CANTIDAD,IN_EVALUACION) values ('2','INSCRIPCION','S','S','S','N','N');
Insert into FUNDAUC.EVENTOS (ID_EVENTO,DESCRIPCION,IN_CURSO,IN_SECCION,IN_MONTO,IN_CANTIDAD,IN_EVALUACION) values ('58','EXAMEN DE SUFICIENCIA','S','N','S','N','S');
Insert into FUNDAUC.EVENTOS (ID_EVENTO,DESCRIPCION,IN_CURSO,IN_SECCION,IN_MONTO,IN_CANTIDAD,IN_EVALUACION) values ('5','CONSTANCIA EXTRAVIO CERTIFICADO','N','N','S','N','N');
Insert into FUNDAUC.EVENTOS (ID_EVENTO,DESCRIPCION,IN_CURSO,IN_SECCION,IN_MONTO,IN_CANTIDAD,IN_EVALUACION) values ('6','REPOSICION DE CONTROL DE NOTAS','N','N','S','N','N');
Insert into FUNDAUC.EVENTOS (ID_EVENTO,DESCRIPCION,IN_CURSO,IN_SECCION,IN_MONTO,IN_CANTIDAD,IN_EVALUACION) values ('7','CONSTANCIA DE ESTUDIOS C/NOTA','N','N','S','N','N');
Insert into FUNDAUC.EVENTOS (ID_EVENTO,DESCRIPCION,IN_CURSO,IN_SECCION,IN_MONTO,IN_CANTIDAD,IN_EVALUACION) values ('8','CONSTANCIA DE ESTUDIOS S/NOTA','N','N','S','N','N');
Insert into FUNDAUC.EVENTOS (ID_EVENTO,DESCRIPCION,IN_CURSO,IN_SECCION,IN_MONTO,IN_CANTIDAD,IN_EVALUACION) values ('9','CONSTANCIA DE ESTUDIOS O/I','N','N','S','N','N');
Insert into FUNDAUC.EVENTOS (ID_EVENTO,DESCRIPCION,IN_CURSO,IN_SECCION,IN_MONTO,IN_CANTIDAD,IN_EVALUACION) values ('10','EXAMEN UBICACION','S','S','N','N','S');
Insert into FUNDAUC.EVENTOS (ID_EVENTO,DESCRIPCION,IN_CURSO,IN_SECCION,IN_MONTO,IN_CANTIDAD,IN_EVALUACION) values ('11','FINAL','S','S','N','N','S');
Insert into FUNDAUC.EVENTOS (ID_EVENTO,DESCRIPCION,IN_CURSO,IN_SECCION,IN_MONTO,IN_CANTIDAD,IN_EVALUACION) values ('12','DIFERIDO - FINAL','S','N','S','N','S');
Insert into FUNDAUC.EVENTOS (ID_EVENTO,DESCRIPCION,IN_CURSO,IN_SECCION,IN_MONTO,IN_CANTIDAD,IN_EVALUACION) values ('13','DIFERIDO - MIDTERM','S','N','S','N','S');
Insert into FUNDAUC.EVENTOS (ID_EVENTO,DESCRIPCION,IN_CURSO,IN_SECCION,IN_MONTO,IN_CANTIDAD,IN_EVALUACION) values ('14','EXAMEN UBICACION','N','N','S','N','S');
Insert into FUNDAUC.EVENTOS (ID_EVENTO,DESCRIPCION,IN_CURSO,IN_SECCION,IN_MONTO,IN_CANTIDAD,IN_EVALUACION) values ('15','ARANCEL UBICACION','S','N','S','N','N');
Insert into FUNDAUC.EVENTOS (ID_EVENTO,DESCRIPCION,IN_CURSO,IN_SECCION,IN_MONTO,IN_CANTIDAD,IN_EVALUACION) values ('16','ARANCEL DE GRADO','S','N','S','N','N');
Insert into FUNDAUC.EVENTOS (ID_EVENTO,DESCRIPCION,IN_CURSO,IN_SECCION,IN_MONTO,IN_CANTIDAD,IN_EVALUACION) values ('17','MATERIAL','S','S','S','S','N');
Insert into FUNDAUC.EVENTOS (ID_EVENTO,DESCRIPCION,IN_CURSO,IN_SECCION,IN_MONTO,IN_CANTIDAD,IN_EVALUACION) values ('18','CUOTA','S','N','S','N','N');
Insert into FUNDAUC.EVENTOS (ID_EVENTO,DESCRIPCION,IN_CURSO,IN_SECCION,IN_MONTO,IN_CANTIDAD,IN_EVALUACION) values ('19','EXAMEN ORAL','S','S','N','N','S');
Insert into FUNDAUC.EVENTOS (ID_EVENTO,DESCRIPCION,IN_CURSO,IN_SECCION,IN_MONTO,IN_CANTIDAD,IN_EVALUACION) values ('20','PROMEDIO EVAL CONTINUA','S','S','N','N','S');
Insert into FUNDAUC.EVENTOS (ID_EVENTO,DESCRIPCION,IN_CURSO,IN_SECCION,IN_MONTO,IN_CANTIDAD,IN_EVALUACION) values ('21','NOTA FINAL','S','S','N','N','S');
Insert into FUNDAUC.EVENTOS (ID_EVENTO,DESCRIPCION,IN_CURSO,IN_SECCION,IN_MONTO,IN_CANTIDAD,IN_EVALUACION) values ('22','TRASLADO SEDE','N','S','N','N','N');
Insert into FUNDAUC.EVENTOS (ID_EVENTO,DESCRIPCION,IN_CURSO,IN_SECCION,IN_MONTO,IN_CANTIDAD,IN_EVALUACION) values ('24','EVALUACION 1','S','N','N','N','S');
Insert into FUNDAUC.EVENTOS (ID_EVENTO,DESCRIPCION,IN_CURSO,IN_SECCION,IN_MONTO,IN_CANTIDAD,IN_EVALUACION) values ('25','EVALUACION 2','S','N','N','N','S');
Insert into FUNDAUC.EVENTOS (ID_EVENTO,DESCRIPCION,IN_CURSO,IN_SECCION,IN_MONTO,IN_CANTIDAD,IN_EVALUACION) values ('26','EVALUACION 3','S','N','N','N','S');
Insert into FUNDAUC.EVENTOS (ID_EVENTO,DESCRIPCION,IN_CURSO,IN_SECCION,IN_MONTO,IN_CANTIDAD,IN_EVALUACION) values ('27','EVALUACION 4','S','N','N','N','S');
Insert into FUNDAUC.EVENTOS (ID_EVENTO,DESCRIPCION,IN_CURSO,IN_SECCION,IN_MONTO,IN_CANTIDAD,IN_EVALUACION) values ('28','CERTIFICADO BRAVO','S','S','S','S','N');
Insert into FUNDAUC.EVENTOS (ID_EVENTO,DESCRIPCION,IN_CURSO,IN_SECCION,IN_MONTO,IN_CANTIDAD,IN_EVALUACION) values ('29','ALUMNO EXONERADO/BECADO','S','N','N','N','N');
Insert into FUNDAUC.EVENTOS (ID_EVENTO,DESCRIPCION,IN_CURSO,IN_SECCION,IN_MONTO,IN_CANTIDAD,IN_EVALUACION) values ('42','ARANCEL HORAS EXTRA','S','N','S','S','N');
Insert into FUNDAUC.EVENTOS (ID_EVENTO,DESCRIPCION,IN_CURSO,IN_SECCION,IN_MONTO,IN_CANTIDAD,IN_EVALUACION) values ('43','SALDO DIFERIDO','S','N','S','S','N');
Insert into FUNDAUC.EVENTOS (ID_EVENTO,DESCRIPCION,IN_CURSO,IN_SECCION,IN_MONTO,IN_CANTIDAD,IN_EVALUACION) values ('44','COMPRA LIBRO','S','N','S','S','N');
Insert into FUNDAUC.EVENTOS (ID_EVENTO,DESCRIPCION,IN_CURSO,IN_SECCION,IN_MONTO,IN_CANTIDAD,IN_EVALUACION) values ('45','COMPRA GUIA DE EJERCICIOS','S','N','S','S','N');
Insert into FUNDAUC.EVENTOS (ID_EVENTO,DESCRIPCION,IN_CURSO,IN_SECCION,IN_MONTO,IN_CANTIDAD,IN_EVALUACION) values ('46','COMPRA CD MP3','S','N','S','S','N');
Insert into FUNDAUC.EVENTOS (ID_EVENTO,DESCRIPCION,IN_CURSO,IN_SECCION,IN_MONTO,IN_CANTIDAD,IN_EVALUACION) values ('47','PREINSCRIPCION','S','S','S','N','N');
Insert into FUNDAUC.EVENTOS (ID_EVENTO,DESCRIPCION,IN_CURSO,IN_SECCION,IN_MONTO,IN_CANTIDAD,IN_EVALUACION) values ('48','ACTIVITY BOOK','S','N','N','N','S');
Insert into FUNDAUC.EVENTOS (ID_EVENTO,DESCRIPCION,IN_CURSO,IN_SECCION,IN_MONTO,IN_CANTIDAD,IN_EVALUACION) values ('49','REPARACION - MIDTERM','S','N','S','N','S');
Insert into FUNDAUC.EVENTOS (ID_EVENTO,DESCRIPCION,IN_CURSO,IN_SECCION,IN_MONTO,IN_CANTIDAD,IN_EVALUACION) values ('50','REPARACION - FINAL','S','N','S','N','S');
Insert into FUNDAUC.EVENTOS (ID_EVENTO,DESCRIPCION,IN_CURSO,IN_SECCION,IN_MONTO,IN_CANTIDAD,IN_EVALUACION) values ('51','SUSPENSION DE NIVEL','S','N','N','N','N');
Insert into FUNDAUC.EVENTOS (ID_EVENTO,DESCRIPCION,IN_CURSO,IN_SECCION,IN_MONTO,IN_CANTIDAD,IN_EVALUACION) values ('52','RETIRO PERMANENTE','S','N','N','N','N');
Insert into FUNDAUC.EVENTOS (ID_EVENTO,DESCRIPCION,IN_CURSO,IN_SECCION,IN_MONTO,IN_CANTIDAD,IN_EVALUACION) values ('53','DESCUENTO','S','N','S','S','S');
Insert into FUNDAUC.EVENTOS (ID_EVENTO,DESCRIPCION,IN_CURSO,IN_SECCION,IN_MONTO,IN_CANTIDAD,IN_EVALUACION) values ('54','RECARGO ADMINISTRATIVO','S','N','S','S','S');
Insert into FUNDAUC.EVENTOS (ID_EVENTO,DESCRIPCION,IN_CURSO,IN_SECCION,IN_MONTO,IN_CANTIDAD,IN_EVALUACION) values ('55','EXAMEN NIVELACION','S','N','S','N','S');
Insert into FUNDAUC.EVENTOS (ID_EVENTO,DESCRIPCION,IN_CURSO,IN_SECCION,IN_MONTO,IN_CANTIDAD,IN_EVALUACION) values ('56','GASTOS ADMINISTRATIVOS','S','N','S','S','S');
Insert into FUNDAUC.EVENTOS (ID_EVENTO,DESCRIPCION,IN_CURSO,IN_SECCION,IN_MONTO,IN_CANTIDAD,IN_EVALUACION) values ('59','CURSO DUSA','S','S','S','S','S');
Insert into FUNDAUC.EVENTOS (ID_EVENTO,DESCRIPCION,IN_CURSO,IN_SECCION,IN_MONTO,IN_CANTIDAD,IN_EVALUACION) values ('57','COLOCACION DE NOTA','S','N','S','S','S');

REM INSERTING into FUNDAUC.CONDICIONES_ESPECIALES
SET DEFINE OFF;
Insert into FUNDAUC.CONDICIONES_ESPECIALES (ID_CONDICION,DESCRIPCION,DESCUENTO) values ('1','HERMANOS','DFAM');
Insert into FUNDAUC.CONDICIONES_ESPECIALES (ID_CONDICION,DESCRIPCION,DESCUENTO) values ('2','PROFESOR UC','DPUC');
Insert into FUNDAUC.CONDICIONES_ESPECIALES (ID_CONDICION,DESCRIPCION,DESCUENTO) values ('4','TRABAJADOR UC O HIJO','DTHUC');
Insert into FUNDAUC.CONDICIONES_ESPECIALES (ID_CONDICION,DESCRIPCION,DESCUENTO) values ('0','NINGUNA',null);

REM INSERTING into FUNDAUC.FORMA_PAGO
SET DEFINE OFF;
Insert into FUNDAUC.FORMA_PAGO (ID_PAGO,DESCRIPCION,VENCIMIENTO,TIPO) values ('5','TARJETA DE CREDITO','0','F');
Insert into FUNDAUC.FORMA_PAGO (ID_PAGO,DESCRIPCION,VENCIMIENTO,TIPO) values ('3','DEPOSITO','0','F');
Insert into FUNDAUC.FORMA_PAGO (ID_PAGO,DESCRIPCION,VENCIMIENTO,TIPO) values ('4','TARJETA DEBITO','0','F');
Insert into FUNDAUC.FORMA_PAGO (ID_PAGO,DESCRIPCION,VENCIMIENTO,TIPO) values ('20','BECADO','0','F');
Insert into FUNDAUC.FORMA_PAGO (ID_PAGO,DESCRIPCION,VENCIMIENTO,TIPO) values ('25','EXONERADO','0','F');
Insert into FUNDAUC.FORMA_PAGO (ID_PAGO,DESCRIPCION,VENCIMIENTO,TIPO) values ('1','EFECTIVO','0','F');
Insert into FUNDAUC.FORMA_PAGO (ID_PAGO,DESCRIPCION,VENCIMIENTO,TIPO) values ('2','CHEQUE','0','F');

REM INSERTING into FUNDAUC.CONFIGURACION
SET DEFINE OFF;
Insert into FUNDAUC.CONFIGURACION (ULT_FACTURA,PORC_TARJ_DEB,PORC_TARJ_CRE,TASA_IVA) values ('515462','0,53','2,04','16');
